a m p bldg,2
a'beckett street,84
aaron place,6
abbott close,7
abbott street,23
abercorn crescent,60
abercrombie circuit,41
abernethy street,40
abrahams crescent,28
absolon place,9
acacia garden,2
acacia place,6
academy close,16
achernar close,14
ackland place,5
acraman place,12
ada place,6
adair street,32
adam place,7
adams place,9
adamson crescent,47
adcock place,14
adey place,2
adfa (raaf),1
adfa northcott drive,1
adinda street,45
adkinson close,19
affleck place,15
agena place,2
aggie place,11
agnew street,18
agonis close,10
ah mouy place,5
ahern place,16
ahmatt street,7
aikman drive,1
ainslie avenue,94
ainsworth street,39
aird place,3
airey crescent,18
aitken circuit,17
akhurst grove,10
akma place,7
akubra place,1
akuna street,3
alabaster street,52
alambee street,2
aland place,12
alanson place,10
alarmon crescent,15
alawa street,49
alberga street,48
albermarle place,163
albian street,1
alcott place,1
alda place,6
aldcorn place,6
alderman street,23
alderson place,2
alexander mackie circuit,48
alexander street,9
alexandra street,27
alexandria street,32
alford place,6
alfred hill drive,66
algan street,4
alice jackson crescent,72
alice street,3
alinda place,5
alinga street,11
allambee court,4
allambee street,102
allan street,59
allara street,5
allawah flats,10
allchin circuit,95
allcott place,10
allen place,17
allen street,2
alleyne close,20
alli place,10
allison place,5
allitt place,8
allman circuit,25
allott place,23
allport street,17
allwood street,30
allyn close,8
alma close,5
alpen street,45
alphard place,9
alroy circuit,63
alsop close,25
alston street,32
alt crescent,8
alt street,1
altair place,9
altharoo court,1
altson circuit,41
altson close,1
alura place,11
amadeus place,8
amadio place,5
amagula avenue,45
amangu street,6
amarina street,1
amaroo avenue,2
amaroo street,30
amaroo wallaroo road,1
ambalindum street,54
ambara court,3
ames place,5
amess place,23
amherst street,10
ammon place,10
amos place,11
amp bldg,2
ampt place,4
andado place,22
andamooka street,26
anderson street,48
andrea place,19
andrew crescent,31
andrews street,34
anembo street,30
angas street,32
angles court,6
angliss place,17
angophora street,46
angor street,1
angwin place,10
ankaa place,10
anketell street,15
annan close,19
annand place,6
anne clark avenue,41
anne place,7
annear place,9
anningie place,8
anstey street,16
antares crescent,28
anthony rolfe street,17
antill street,204
antis street,69
anu union bldg,1
anutech court,1
anz bldg-bougainville,1
anzac parade,4
anzac park,39
appel crescent,65
apperly close,24
apsley place,13
ara place,3
arabana street,120
arabanoo crescent,22
arakoon crescent,20
araluen street,19
arawang lane,7
archbald street,1
archdall street,62
archel place,18
archer street,35
archernar close,1
archibald street,192
arden place,26
ardlethan street,46
arellah place,1
argyle place,24
argyle square,11
ariah place,7
arid place,14
arinya street,13
arkana street,12
arkell place,14
armbruster street,13
armfield place,17
armstrong crescent,49
armytage circuit,16
arndell street,62
arnhem place,12
arnold place,8
arnot place,8
arnott street,2
aronson crescent,26
aroona court,25
arrellah place,3
arrietta close,21
arte street,2
arthaldo court,27
arthur circle,83
arunta street,24
ash place,7
ashbrook street,4
ashburner street,74
ashburton circuit,49
ashby circuit,118
ashcroft crescent,42
ashkanasy crescent,69
ashley drive,59
ashton street,3
aspinall street,186
aspley place,1
astelia place,14
astley place,6
aston crescent,22
astrolabe street,15
atherton street,170
athlon drive,1
atis street,1
atkinson street,38
attiwell circuit,37
attunga circuit,1
attunga street,26
attwood close,16
auburn street,21
audas place,14
augusta court,5
augustus close,26
augustus way,11
auld place,5
aurora close,36
austin street,4
austral place,6
australie close,20
avalon court,1
avery place,6
avior place,5
avoca place,11
avon place,7
avonley,1
axford place,11
axon street,28
ayers fowler street,20
ayers street,22
babbage crescent,10
babinda place,17
bacchus circuit,64
backhouse street,21
backler place,13
badcoe street,32
baddeley crescent,35
badenoch crescent,69
badger place,4
badgery street,31
badham street,1
badimara street,237
bage place,15
bagoolie,2
bagot street,10
bagshaw place,12
bagster place,5
bailes court,21
bailey place,34
baileys corner,1
bainbridge close,28
baines place,13
bainton crescent,66
baird place,9
baker garden,10
baker street,3
balala place,17
balamara street,21
balanu place,12
balbo place,5
baldwin drive,76
bale place,5
balfour crescent,66
ballarat street,62
ballard place,19
ballineen,2
ballonnest street,1
ballow crescent,18
ballumbia street,1
ballumbir street,121
balonne street,51
balsillie crescent,26
balson place,3
balwyn drive,1
balyell street,1
bambridge street,70
bamford street,53
bamir square,28
banambila street,61
bancks crescent,20
bancroft street,15
bandjalong crescent,111
bandt place,12
bandulla street,33
banfield street,55
bangalay crescent,56
banjine street,11
bankers road,1
banks street,36
banksia street,14
banner street,25
bannerman place,23
bannister garden,26
banvard place,21
baracchi crescent,104
baraclough crescent,2
barada crescent,78
barak court,6
barangaroo street,45
barber crescent,43
barclay street,2
barcoo place,13
barden place,8
bardolph street,31
bardsley place,21
bareena place,2
bareena street,8
barff place,5
bargang crescent,62
barker street,5
barkhill street,1
barkly crescent,13
barlee place,12
barlow street,63
barn place,7
barnard circuit,49
barnes place,10
barnett close,85
barney street,14
barongarro street,1
barr place,9
barr-smith avenue,104
barracchi crescent,1
barraclough crescent,97
barrallier street,40
barrett street,25
barrier street,4
barringer street,23
barrington crescent,36
barritt street,16
barron street,21
barrow place,12
barry drive,5
barsdell place,6
bartels place,4
barton court,2
barton highway,41
barunga street,24
barwell place,13
barwick place,7
barwon street,37
baseby place,7
basedow street,38
baskerville street,32
bass garden,17
bastin place,3
bastow circuit,43
batchelor street,62
bate place,7
bateman street,22
bates street,25
bath place,6
bathurst place,23
batman street,29
battersby circuit,33
baudin street,13
bauhinia street,10
baume crescent,22
bavay place,7
bavin street,53
bayley street,20
baylis place,7
bayly place,10
baynton street,31
bazley street,6
beach place,10
beadle place,6
beagle street,38
beal place,6
beale crescent,2
bean crescent,33
beaney street,16
bear place,5
beard place,6
beardsmore place,14
beasley street,209
beatham close,9
beattie crescent,53
beauchamp street,35
beaufort retreat,16
beaumaris street,16
beaumont close,32
beaurepaire crescent,49
beaver place,4
beazley crescent,82
becke place,16
becker place,13
beckett street,2
beddome place,23
bedford street,16
bednall place,5
bedourie street,2
bedulluck street,1
bee place,4
bee street,1
beeby street,2
beedham place,17
beela place,5
beeston street,14
beetaloo street,73
bega flats,12
bega place,10
beggs place,10
beilby place,8
beirne street,34
beissel street,1
belah street,18
belbin place,6
belconnen churches centre,4
belconnen mall,1
belconnen way,132
belfield crescent,15
bell place,5
bell street,14
bellchambers crescent,66
bellinger circuit,42
bellingham crescent,25
belmore garden,10
beltana road,28
bemboka crescent,28
bemm place,18
benaroon circuit,4
bendigo street,54
bendora crescent,25
bengee place,1
benham street,7
benjamin way,10
benjee place,17
bennelong crescent,90
bennett place,11
bennett street,38
bennetts close,27
bennie street,9
benny place,8
benson crescent,37
benstead place,9
bent street,5
bentham street,33
berghofer court,16
berkeley street,18
bernacchi street,30
berne crescent,35
bernie court,2
berra close,15
berrebangalo road,2
berrebanglow creek road,1
berrell street,12
berrigan crescent,27
berry street,19
bertel crescent,45
bertram street,27
berwick place,5
besant street,16
best place,4
betche place,6
bethune close,14
bettington circuit,40
betts place,6
bevan street,1
bews place,8
biala place,9
bialla street,1
bibb place,11
bibby place,8
bick place,7
bickley close,9
biddell place,28
biddlecombe street,23
bidia place,6
bidwill close,9
biffin street,41
biggs place,10
bilby place,14
billson place,3
bilton place,10
bimberi crescent,81
bimbi close,6
bimbiang crescent,19
bimbimbie street,1
binara street,1
bindaga street,51
bindel street,35
bindiri place,15
bindon place,16
bingara place,10
bingham circuit,37
bingle street,20
bingley crescent,82
binns street,6
binya place,9
biraban place,32
birbai place,7
birchall street,5
bird place,12
birdwood street,59
birnie place,7
birrawa road,1
birrell street,15
birrigai square,22
birubi place,4
bisdee street,19
bishop place,5
bishopbourne court,2
bissau close,1
bissenberger crescent,50
bizant street,13
black street,48
blackall street,1
blackburn street,37
blackbutt street,34
blacket street,72
blackett crescent,36
blackham street,44
blackler place,1
blacklock close,7
blackman crescent,59
blackwell circuit,37
blackwood terrace,66
blair place,11
blair street,41
blake place,14
blakely row,6
blakey close,38
blakney creek,1
blamey crescent,203
blanc court,16
blanche place,5
blancoa place,13
bland place,9
blandon place,25
blaxcell place,8
blaxland crescent,14
blazey place,9
blinkhorn place,15
blowering street,33
blueberry street,14
bluett place,8
blumenthal place,20
blyth place,13
blythe close,20
boake place,19
boalt place,1
board place,14
boas place,24
bock place,4
boco cottage,1
boddington crescent,90
bodel place,6
body place,14
boehm close,11
bogan place,17
bohmers lane,1
bokhara circuit,55
bolali place,12
bolden place,7
boldrewood street,36
bolger place,18
bollard street,26
bolliger place,3
bolton place,8
bon place,4
bond crescent,6
boniwell street,16
bonney street,76
bonnieville,1
bonnin place,5
bonnor close,11
bonrook street,19
bonshaw road,5
bonwick place,12
bonython street,45
boobialla street,42
book place,2
boolee street,100
boolimba crescent,57
booroomba road,6
booroomba station,3
booroondara street,48
boot place,6
boote place,9
boote street,27
booth crescent,34
boothby place,19
bootle place,32
boradbent street,1
boree place,5
boronia drive,40
borrowdale street,24
bosch place,8
bosisto place,7
boswell crescent,25
bosworth circuit,32
botany street,1
bottle court,1
bottrill street,29
boucaut place,17
bouchard place,9
boucicault place,8
bougainville street,18
boult place,27
boulton close,19
bourchier close,14
bourke place,1
bourke street,11
bourne street,59
boustead circuit,23
bow place,7
bowden crescent,12
bowden place,5
bowen street,6
bower place,3
bowler place,9
bowlett street,1
bowley place,16
bowling place,14
bowman street,7
bowser place,11
box hill avenue,41
box place,8
boyce place,6
boyd street,2
boyland close,20
boyle place,4
brache place,9
bracker place,9
braddon place,11
bradfield street,52
bradley crescent,3
bradley street,1
brady place,5
bragg street,33
brahe place,7
braim place,2
brain street,5
braine street,34
brake place,3
bramble street,3
bramina station,2
bramston street,16
brand street,26
brash place,7
brassey street,19
brassington place,6
braund place,10
brawn place,6
bray place,14
brazel street,16
brebner street,38
bredbo close,8
bremer street,32
brennan street,26
brent place,10
brentnall place,10
breona place,9
brereton street,87
brewster place,10
briarwood barton highway,1
brickhill place,13
brid place,7
bride place,8
bridge place,10
bridge street,2
bridges place,8
brier place,4
brierly street,8
brigalow street,105
brigden crescent,27
briggs street,4
brill place,11
brimage place,18
brindabella garden,1
brindabella parish,1
brindabella road,1
brindabella stn,1
brindabella valley road,4
brinkley circuit,38
brinsmead street,18
brisbane avenue,26
brisbane street,1
britten-jones drive,161
brittlebank circuit,30
britton place,10
broad place,26
broadbent street,42
broadby close,25
broadhurst street,20
broadsmith street,49
brockman street,10
brockway circuit,21
brockway garden,1
brodie place,7
brodribb street,21
brodzky place,6
broinowski place,14
brolga place,11
bromby street,9
bromell circuit,27
bromley street,28
brooke place,9
brooker street,10
brookes street,4
brooklands,1
brooklands road,12
brookman street,39
brooks road,6
brooks street,15
brookvale street,1
broome crescent,12
brophy street,32
brough place,10
broun place,10
brown street,9
browne place,13
brownless street,37
brownlow place,14
browns road,1
brownsmith crescent,16
bruce place,3
bruch road,10
bruche road,5
bruggy place,6
brumby farm,1
bruning street,4
brunnich place,5
brunswick circuit,74
brunton street,21
bruny place,7
bruxner close,38
bryant place,7
bryce place,3
buchanan street,18
buckley circuit,40
buckman place,12
buckmaster crescent,37
bucknel circuit,37
budd place,8
budden crescent,8
buderim place,7
budyan court,13
bugden avenue,176
buggy crescent,31
buik place,21
builder crescent,22
bulcock place,6
bulk place,2
bull street,4
bullala circuit,9
bullala court,14
buller crescent,29
bulli place,7
bullock circuit,38
bulloo place,9
bullumbir street,3
bulwarra close,9
bunbury street,94
bunda street,12
bundeela street,26
bundey street,41
bundock place,8
bunduluk crescent,43
buned place,5
bungaree crescent,24
bungendore road,1
bungey street,3
bungonia street,35
bunker place,13
bunny street,25
buntine crescent,43
bunton place,16
bunurung close,10
bunya close,14
bural court,30
burara crescent,25
burbidge crescent,9
burdekin avenue,60
burdekin street,49
burdett crescent,37
burdon place,6
burford place,2
burgan place,20
burge close,13
burges place,5
burgmann college,1
burhop close,13
buriga street,8
burin street,12
burke crescent,3
burkitt street,278
burn street,66
burnage place,10
burnell place,9
burnett street,39
burnie place,1
burnie street,100
burning street,1
burns circuit,41
burnside street,21
burra place,12
burra road,1
burraly court,41
burramurra avenue,20
burrell street,9
burrendong street,42
burria place,9
burrinjuck crescent,82
burrowa street,9
burrowes place,10
burrundulla garden,1
bursaria street,23
burston place,8
burt street,10
burton street,1
burtt crescent,46
buru close,7
burvill place,6
busby street,16
bush street,3
bushby close,17
bushby place,19
bussau close,26
bussell crescent,23
butler place,9
butlin place,12
butterley place,9
butters drive,1
buvelot street,63
buxton street,38
buzacott place,13
byles place,5
bynoe place,10
byram place,5
byrne street,27
byrnes place,8
byron court,2
bywaters place,34
bywaters street,2
c/o kokoda company rmc,1
cabarita terrace,7
cabena court,22
caddy place,7
cade place,8
cadell street,40
caffyn place,14
cahalan place,10
cain place,5
caladenia street,19
calculus lane,2
calder crescent,50
calder place,10
caldwell street,35
caley crescent,83
callabonna street,44
callaghan street,47
callan street,1
callaway crescent,49
callemonda rise,4
callide street,3
callister crescent,50
calvary clinic,3
calvert street,14
cambage street,10
cambridge street,44
cameron avenue,1
cameron street,36
camfield place,18
camm street,5
campaspe circuit,38
campbell street,69
canalan place,1
canaway place,13
canberra avenue,162
canberra centre,1
canberra centre (next to medicare),2
canberra sth motor park,1
candelo place,12
candlebark close,31
cane place,7
cann close,7
cannan crescent,15
canning street,47
canopus crescent,53
canterbury crescent,10
cantor crescent,19
capel place,2
capella crescent,26
capertee place,12
captain cook crescent,172
carandini street,21
carara close,6
carbeen street,49
cardell place,6
cardew crescent,11
cardiology hospital,1
carey place,3
cargelligo street,43
carina street,41
carlarminda court,1
carleton street,25
carlile street,85
carlotta avenue,1
carlton place,6
carmel park,1
carmichael street,10
carnall close,21
carne place,9
carnegie crescent,116
carnegie garden,2
carpenter close,32
carr crescent,55
carrington road,6
carrington street,38
carrodus street,37
carroll street,76
carron street,38
carruthers street,94
carslake loop,33
carslaw street,21
carson street,3
carss place,13
carstensz street,65
carter crescent,45
carter place,8
cartwright street,19
carumbi place,12
case place,3
casey crescent,85
cashion court,22
cassia place,8
cassidy close,9
cassinia street,38
casson street,23
castello circuit,1
castieau street,40
castle place,1
castlereagh crescent,42
castles place,13
castleton crescent,117
castley circuit,38
castor place,16
casuarina street,21
catani place,14
cataract street,21
catchpole street,50
cathcart close,14
cathie place,7
cato place,5
catts place,4
cavanaugh street,11
cavenagh place,16
cavill close,27
cawker place,6
cawthorn crescent,16
cayley place,7
cazaly close,25
cedrela place,6
centaurus street,19
cerutty crescent,23
cethana place,4
chaffey crescent,20
chalet court,1
chalker circuit,17
challinor crescent,25
challis street,5
chalmers place,1
chambers street,25
champ place,8
champion place,9
chandler street,193
chant street,12
chapman street,32
chappell street,32
chapple close,6
charleston street,23
charlick place,8
charlotte street,15
charlton crescent,44
charlton street,15
charnwood medical clinic,1
charnwood place,6
charnwood shopping centre,1
charteris crescent,42
charterisville avenue,72
charvin court,16
chase place,4
chaseling street,37
chataway crescent,58
chaton place,7
chauncy crescent,54
chauvel circle,27
chauvel street,35
chave street,40
checchi place,7
cheeke place,11
cheel place,14
cheeseman place,11
cheetham place,7
chelsea grove,2
chermside street,26
cherry place,7
cherry street,5
cherryburn majura road,1
chevalier street,67
chevalley loop,44
chewings street,139
cheyne place,7
chifley place,10
chifley shopping centre,2
childe place,3
chillagoe street,44
chinner crescent,29
chipperfield circuit,45
chippindall circuit,104
chirnside circuit,51
chisholm street,36
chowne street,35
christie place,6
christmas street,43
chubb place,6
chubb street,27
chuculba crescent,148
church lane,9
churches centre,2
churchill way,26
city walk,51
city walk arcade,4
clambe place,8
clamp place,26
clancy street,44
clandon place,1
clara close,18
clare dennis avenue,49
clare place,6
clare road,1
clarendon street,9
clarey crescent,42
clark close,19
clark place,7
clarke street,15
clarkson street,17
clarnette place,19
clavert place,18
claxton crescent,25
clayton place,8
clear range,1
clear street,13
cleary place,3
cleeve place,26
cleland crescent,2
cleland street,33
clem hill crescent,3
clem hill street,30
clemenger street,25
clement place,15
clements street,5
clermont street,29
clews place,9
clianthus street,30
clifford crescent,31
clift ck,1
clift crescent,86
clifton place,7
climpson place,6
clint place,13
clisby close,22
clive steele avenue,223
clode crescent,22
cloncurry street,31
clubbe crescent,31
clucas place,18
clunies ross street,2
clutsam place,4
clutterbuck crescent,19
clyde place,10
clydesteel avenue,1
clyne place,7
coachwood avenue,1
coane street,32
coates place,6
cobar place,18
cobb crescent,11
cobbadah street,21
cobbett place,12
cobby street,38
coburn place,3
cochrane crescent,40
cockatoo close,16
cockburn place,1
cockburn street,44
cockcroft avenue,86
cockerill place,10
cockle street,47
cocland drive,1
coghill close,12
coghlan street,16
coglin place,15
cohen street,1
cohn place,4
colbeck street,10
colbee court,6
colborne place,9
cole street,16
colebatch place,42
colefax place,9
coleman street,12
coles place,15
coliban place,5
colleano street,13
collett place,2
collick place,9
collicott circle,1
collicott circuit,36
collie street,4
collier street,37
collingridge street,26
collings street,76
collins place,9
collits place,9
collocott crescent,21
collyburl crescent,40
colmer street,16
colo place,3
colonial state bank bldg,2
colquhoun street,13
colton place,11
colvin street,34
combes road,3
commonwealth avenue,1
companion crescent,44
comrie street,16
condamine street,45
condell street,23
conder street,24
congwarra street,1
conifer avenue,4
conigrave place,15
coningham street,42
coniston street,3
conjola close,12
conley drive,21
conlon crescent,31
connell place,13
connelly place,25
conner close,22
connibere crescent,20
connor place,11
conolly place,10
constitution avenue,5
contour road,1
conway place,17
conyers street,29
cooba place,5
coobina place,15
coode street,8
coodyavale yd,1
coogee place,10
cooinda court,3
cooke street,5
cooks street,13
cooksey place,7
coolac place,12
cooleman court,1
cooleman crt shopping centre,1
coolgardie place,1
coolibah crescent,20
cooling place,26
cooloola street,7
coombe street,22
coombs place,4
cooney court,36
cooper place,14
cooyong street,1
cope place,9
copland drive,119
coppin place,12
coppins crossing road,2
coral place,4
coranderrk street,46
corbett place,3
corbin place,9
cordeaux street,27
cordia place,5
coree place,8
coreen place,3
corella place,10
corey place,9
corin dam road,1
corin place,6
corinna chmbrs,1
corinna street,51
corlette crescent,22
cornelian place,10
cornish place,19
corona place,11
corranderk street,1
correa street,19
corrigan place,20
corringle close,42
corroboree park,14
corser place,9
cory place,5
cosgrove street,18
cosiossco street,1
cossington smith crescent,103
costello circuit,59
cotge valewe merino stud,1
cottam place,19
cotter place,6
cotter road,28
cotton street,23
cottrell place,6
couchman crescent,60
coulton road,5
counihan court,8
counsel street,14
courtice close,14
cousin place,10
coutie place,5
coutts place,9
couvreur street,60
coventry close,9
coverdale street,22
covington crescent,18
cowan street,25
cowanbrae street,1
cowcher place,7
cowdery place,32
cowie place,14
cowley place,7
cowlishaw street,10
cowper street,92
cox street,33
coxall street,1
coxen street,85
coyne street,13
crace street,27
cracknell street,13
cradle close,19
crafer place,10
crago place,7
craig place,5
crampton place,13
crane place,4
craven place,8
crawford crescent,31
craydon place,9
creal place,7
crease place,6
creed place,9
cremin close,5
cremorne place,2
creswalker,2
creswell street,50
creswick place,12
crews place,8
crichton crescent,41
crick place,20
cripps place,16
crisp circuit,175
crisp street,7
crocker place,12
crockett place,13
crofts crescent,41
crombie place,6
crommelin place,20
cromwell circuit,117
crook place,5
crooke close,11
cropper place,3
cropper retreat,3
cross street,3
crossley close,24
croton street,60
crouch place,9
crowder circuit,66
crowe place,6
crowley court,13
crowther place,12
crozier circuit,151
cruikshank street,27
cubillo crescent,24
culgoa circuit,33
cullen street,32
cumberlege crescent,23
cumbrae place,15
cumming place,9
cumpston place,37
cunningham street,58
cuppacumbalong street,1
curlew place,8
curlewis crescent,47
curnow place,15
curr place,4
currey street,18
currie crescent,128
currong appartments,1
currong flats,6
currong flts,1
currong street,168
curtain place,13
curtin place,2
curtin shopping centre,2
curtis place,6
cusack place,11
cuscaden crescent,19
cussen street,12
custance street,38
cutbush street,28
cuthbert circuit,46
cuthbertson crescent,18
cutlack street,38
cuzens place,4
cygnet crescent,48
d'hage court,8
dacomb court,25
daglish street,28
daintree crescent,38
dairy road,2
dakin place,9
dalabon crescent,26
dale circuit,21
dale place,5
daley crescent,45
daley road,2
dalgarno close,14
dalgleish close,17
dallachy place,18
dallachy street,15
dallas place,9
dalley crescent,81
dalman crescent,6
dalrymple street,38
dalton place,11
dalveen homestead,1
daly place,9
daly street,6
dalyell chisholm centre,2
dalyell street,28
dalziel street,17
damala street,75
dampier crescent,14
dandenong court,23
dane close,10
dangar place,10
dann close,12
dannevig place,8
danvers place,6
daplyn close,7
darambal street,18
darby munro close,7
darby street,40
darcy close,34
darcy place,6
dare place,6
darebin place,20
darke street,30
darley place,6
darling street,49
darlot place,10
darmody street,21
darrell place,6
darrington crescent,1
dartnell street,32
darwin avenue,1
darwin place,2
darwinia terrace,128
dash crescent,37
dashwood retreat,16
davenport street,71
davey crescent,5
davice place,10
david street,84
davidson street,71
davies place,26
davis street,46
davison place,11
davitt close,19
davy place,5
dawar place,8
dawbin place,5
dawes street,39
dawson street,16
day place,4
de baun crescent,4
de burgh street,70
de chair street,24
de garis place,7
de gillern place,11
de graaff place,5
de graaff street,51
de grey place,11
de lacey place,6
de lissa street,17
de little circuit,101
de mestre place,11
de salis street,24
de smet place,13
de vis place,11
deacon close,9
deakin court,2
deamer crescent,86
dean place,10
deane street,7
deasland place,9
debenham street,38
decima circuit,11
decker place,19
dee street,1
deeban place,5
deeley place,9
degraaff street,1
degraves crescent,52
delamere street,28
delaney court,7
delegate street,23
deloraine street,46
delprat circuit,29
demaine crescent,20
demestre place,1
dempsey place,10
dempster place,10
dendy place,7
denehy place,5
denham place,6
denison street,3
denman street,12
dennes place,9
denning place,4
dennis street,40
denny street,70
dennys place,9
denovan circuit,53
dent place,15
derham court,15
dermott street,1
derrick street,8
derrilin place,13
derrington crescent,144
derry street,19
derwent street,34
desailly crescent,27
dethridge street,29
dettmann close,19
deuchar close,12
deumonga court,23
devanny place,8
devonport street,69
dewar place,11
dexter street,108
dhage court,5
diamantina crescent,39
diamond street,39
dianella street,19
dibbs street,3
dickinson street,42
dickson centre,1
dickson chiropractic dickson chambers,1
dickson chmbrs,1
dickson place,4
dickson shopping centre,3
dietrich place,8
diggles street,26
dilboong place,12
dines place,33
dingo flats,1
dinnison circuit,27
dirrawan garden,28
discovery street,74
diselma place,8
disney court,54
dittmer place,4
dive place,4
dixon drive,103
dixson circuit,39
dobbie place,11
dobell circuit,39
dobie place,8
dobinson place,9
dobson place,12
dobson street,10
docker place,3
dodd place,6
dodds place,9
dodgshun court,11
dods place,12
dodwell street,6
doerner place,8
doerner view,1
dog trap road,2
doherty place,7
dolan close,14
dolling crescent,24
domain street,12
dominion circuit,65
don place,10
donald place,13
donaldson street,21
donnan street,18
donnard street,2
donnelly road,5
donnison place,17
donohoe place,11
dookie street,20
dooland court,44
doolette place,7
dooley place,7
doonkuna street,24
dooring street,70
dore court,22
dorrit black crescent,32
dougharty place,4
doughty place,11
douglas close,12
douglas place,16
douglass place,10
doutney place,7
dover court,2
dovey place,5
dow street,2
dowling street,23
downard street,56
downer place,5
downes place,26
downing place,7
downward place,22
dowsley place,12
dowthwaite street,22
doyle terrace,75
doyne place,6
drake brockman drive,39
draper crescent,8
drevermann street,39
driver place,9
drosera place,8
druitt place,15
drummond row,10
dry street,5
dryandra street,115
drysdale circuit,35
du faur street,37
ducane street,12
dudi place,5
duff place,1
duffield place,5
duffus place,29
duffy street,247
dugan street,28
dugdale street,39
duggan street,52
duhig place,13
duigan place,9
duigan street,25
dukes street,1
dullaohy street,1
dulverton street,27
dumaresq street,70
dumas street,111
dunbar street,33
duncan street,35
duncane street,1
dundas court,5
dungowan street,10
dunlop place,1
dunlop street,26
dunn place,6
dunoon street,5
dunrossil drive,1
dunstan street,75
durack street,42
durham place,11
durkin street,1
durville crescent,23
duterrau crescent,28
dutton street,32
dwyer street,46
dyer place,9
dyett circuit,33
dyring place,5
dyson street,11
dyte place,8
dyurra garden,7
dyurra place,9
eady street,11
eagar place,8
eagle circuit,41
eaglemont retreat,41
eales place,3
earle place,59
earle street,49
east place,18
easterbrook place,15
eaton place,8
eaves street,23
ebden street,101
ebeling court,23
ebenezer street,68
ebsworth close,9
echo place,9
eddison place,5
eddy crescent,44
edgar street,3
edge place,11
edith place,10
edkins street,24
edlington street,23
edman close,21
edmond close,19
edmondson street,64
edmunds place,14
edney place,9
edols place,11
edwards street,40
edwell place,17
edye place,1
egerton close,10
eggers place,11
eggleston crescent,103
eighth street,1
eildon place,22
elanora place,2
elanora street,1
elder street,21
eldershaw place,12
eldon place,9
eldridge street,36
eleanora street,28
elimatta street,66
eliza street,2
elizabeth crescent,29
elkedra close,40
elkington street,17
ella close,15
ellen place,11
ellenborough street,99
ellerston avenue,132
elliott street,42
ellis place,11
ellwood crescent,10
elmsall court,1
elmslie place,9
elsey street,36
eltham place,12
elvire place,50
elwick place,6
elwood crescent,1
elyard place,17
embley street,29
embling street,78
emerton street,25
emery street,21
emily bulcock crescent,41
emmott place,7
empire circuit,56
emu bank street,10
endeavour garden,1
endeavour street,88
enderby street,45
endrick place,5
english court,26
enid lorimer circuit,49
ennis place,5
ennor crescent,42
enright crescent,38
epacris place,17
epenarra close,34
eppalock street,31
erindale centre,2
erindale drive,1
erindale shopping centre,1
erldunda circuit,74
ern florence crescent,77
erskine street,32
erwin place,7
esau place,11
esk place,6
esperance street,28
essington street,1
esson place,4
etheridge street,23
eton place,12
eucumbene drive,64
eugenia street,33
eungella street,46
euree street,47
euroka street,33
evan place,7
evans crescent,6
evdeavour hse,1
eve place,9
eve street,3
evella court,15
evelyn owen crescent,54
everard place,10
everard street,27
evergood close,38
ewart street,10
ewing street,13
ey place,4
eymesbury court,1
eyre street,62
fairbairn avenue,4
fairbank street,1
fairbridge crescent,27
fairfax street,17
fairley crescent,25
fairlight road,1
fairlight stn,1
fairlight street,1
fairview road,1
fairweather circuit,33
faithfull circuit,51
falkiner place,40
fallins place,6
falls place,7
fanning place,11
farncomb place,16
farnell place,9
farr place,1
farrell place,6
farrelly close,24
farrer place,9
farrer street,41
faucett street,36
faulkner place,15
faulkner street,1
faunce crescent,28
favell place,12
favenc circle,10
fawkner street,163
fawsitt place,7
feakes place,13
feathertop street,21
federal highway,97
feint street,21
fellows street,44
feltus place,5
fenner street,15
fenston place,17
fenton street,24
fenwick place,20
ferber place,13
ferdinand street,34
ferguson circuit,72
ferguson place,20
fergusson crescent,42
fern place,11
fernie place,9
fernyhough crescent,52
ferrett circuit,30
ferrier place,17
ferrier street,1
ferris street,10
ferry place,12
fewtrell place,20
fiaschi street,10
fidge street,45
fidler court,25
field street,16
fielder place,11
fifth street,1
figg place,25
fihelly street,52
filshie close,23
fimister circuit,30
fincham crescent,46
findlay street,40
findon place,9
finey close,9
fingleton crescent,33
fink crescent,70
finlayson place,24
finn street,15
finnerty place,17
finniss ck,1
finniss crescent,83
firbank close,13
first street,1
fishburn street,21
fisher shopping centre,1
fisher street,8
fisk street,18
fisken crescent,32
fison street,4
fitchett street,86
fitzalan street,32
fitzgerald street,8
fitzhardinge crescent,54
fitzherbert place,20
fitzmaurice street,30
fitzroy street,17
fitzsimmons street,14
fiveash street,32
fizelle place,15
flack street,15
flanagan street,37
fleay place,11
flecker place,27
fleetwood smith street,22
flegg crescent,30
fleming street,4
flemington road,2
fletcher place,5
flierl place,14
flight place,1
flinders way,46
flockton place,6
flood place,2
flora place,38
florance place,9
florence fuller crescent,14
florence street,8
florence taylor street,77
florentine circuit,55
florey drive,35
florina place,22
flower place,10
flowerdale place,12
fogarty place,2
foley place,9
folingsby street,53
follett street,25
foord place,4
foott street,8
forbes street,229
ford place,3
forde place,6
foreman place,10
forest lane,1
forlonge street,12
fornax street,17
forrest place,12
forsyth place,8
forsythe street,43
fortescue place,14
fortitude street,11
forwood street,42
foskett street,31
fossey street,36
foster place,9
fourth street,1
foveaux street,41
fowler place,7
fowles street,36
fox place,28
foxall garden,1
foxall place,8
foxall street,55
foxlow close,14
fraenkel street,16
franc place,7
francis street,23
francis way,1
francomb place,1
frankland street,19
franklin street,21
franks place,15
fraser court,21
fraser place,12
frater crescent,24
frayne place,8
fred johns crescent,34
fred lane crescent,40
fred williams crescent,40
freda bennett circuit,100
freda gibson circuit,59
free place,11
freebody place,1
freehill street,23
freeling crescent,19
freeman street,8
fremantle drive,63
french street,36
frencham place,50
freney place,12
freshford,2
frew close,19
friend place,6
friendship street,4
fristrom crescent,25
froggatt street,35
frome street,36
frost place,11
fry place,6
fryans place,5
fryer place,7
fuhrman street,41
fulford place,8
fullagar crescent,89
fuller street,18
fullerton crescent,84
fullwood street,24
fulton street,10
furber place,1
furey street,13
furham street,2
furneaux street,14
furphy place,18
fyfe place,6
gabi place,6
gabriel place,25
gaby place,9
gadali crescent,18
gaggin place,4
gair place,13
gairdner circuit,41
galali place,8
galan place,8
galbu place,6
gale street,3
galibal street,32
gall place,5
gallagher street,52
galleghan circuit,19
galloway street,41
galmarra street,16
galu place,1
galvin place,6
galway place,26
gamban square,27
gamburra street,9
gamor street,47
gang gang court,32
gangele street,8
gannon place,12
gara place,11
garanya street,31
gard place,8
gardiner street,57
garema place,4
garis place,6
garland place,7
garling street,20
garner place,4
garrad court,25
garran place,26
garran street,1
garrard street,24
garratt street,12
garrett place,10
garrick street,30
garsia street,19
gary court,1
gascoyne circuit,43
gask place,11
gasking close,10
gatehouse place,11
gatliff place,6
gatton street,56
gatty place,9
gatty street,10
gaunson crescent,45
gavin place,15
gawler crescent,32
gay place,4
gaylard place,16
geach place,3
geebung place,14
geehi place,7
geelong street,9
geerilong garden,29
geeves court,18
gehrs close,5
geils court,13
gelane street,20
gellatly place,11
gellibrand street,61
gemmel place,2
genoa street,8
george street,39
gepp place,4
gerogery place,4
gerrilong garden,1
gething place,6
getting crescent,37
gibb place,13
gibbes place,17
gibbes street,11
gibbons street,18
gibbs place,10
giblin street,28
gibson street,8
gidabal street,19
gidja place,9
gidjili place,12
giffen close,13
gilbert street,42
gilday place,7
gilderston circuit,1
giles street,119
gilgal kaveneys road,1
giliruk crescent,17
gilks place,8
gill street,9
gillen street,9
gillespie street,37
gillies street,24
gilmore crescent,78
gilruth street,24
giltinan place,11
gingana street,36
gingera street,1
gipps street,9
girdlestone circuit,45
girrahween street,22
givens street,22
gladman close,11
gladstone street,16
glasgow place,10
glasgow street,33
glass place,9
gleadow street,43
gledden street,46
gledeswood,1
gleeson place,21
glen maggie street,1
glenbawn place,9
glencross street,36
glendale road,1
glendale street,1
glenelg street,31
glenflesk,2
glengalla,1
glenmaggie street,43
glenora drive,3
glenorchy street,33
glenrock road,1
globe street,1
glossop crescent,43
glover street,33
gluyas street,26
glyde place,10
glynn place,16
glynn street,12
goa place,7
goble street,32
goddard crescent,23
godfrey street,30
godson place,5
goessling place,19
gold creek road,1
golden grove,54
goldenholm dairy,2
goldfinch circuit,57
goldie place,8
golding place,6
goldner circuit,86
goldsborough close,19
goldstein crescent,21
goldsworthy place,13
gollan street,34
gonzaga place,9
gooda creek road,2
goodchild street,55
goode street,3
goodenia street,28
goodhart crescent,31
goodman street,10
goodparla street,26
goodsir place,19
goodwin place,12
goodwin street,58
goodwin village,1
gooreen street,38
gooromon ponds road,36
goossens place,6
gordon close,12
gordon place,1
gore street,4
gorman crescent,11
gormanston crescent,23
gorrie close,25
gosman close,20
gosse street,78
goudie place,6
gouger street,128
goulburn street,37
gould street,8
govett place,29
gow street,4
gowrie court,4
gowrie shpng centre,4
goyder street,153
grace,1
grace lane,1
grace place,14
graham street,11
grainger circuit,44
grampians street,30
grant crescent,23
grattan court,3
gratton place,13
gratwick street,24
graves place,5
gray place,7
grayson street,59
greaves place,8
green place,1
green square,3
green street,46
greene place,14
greenhaven court,1
greenhood place,11
greenough circuit,58
greenup close,10
greenvale street,48
greenway street,10
greeves court,2
greeves street,31
gregory street,6
gregson place,14
greig place,7
grevillea street,14
grey street,17
grice place,8
grieve place,7
griffin place,6
griffith place,15
griffiths street,40
grigg place,20
grigson place,6
grimmett close,7
grimshaw street,52
grimwade street,2
gritten street,12
griver place,12
grono place,5
groom place,5
groom street,140
groote place,6
grote place,15
grounds crescent,44
grout place,4
grove place,12
groveland crescent,33
grover crescent,19
grund place,9
gruner street,44
grylls crescent,39
gsell place,9
gudgenby close,30
gudgenby nature ve,1
guerin place,11
guest place,4
guginya crescent,19
guguru place,7
guilfoyle street,19
guinness place,11
gula place,8
gulgong place,9
gullett street,2
gundara street,25
gundaroo road,7
gundulu place,22
gungahlin market place,1
gungurra crescent,33
gunn street,10
gunning place,12
gunyan place,18
gurnai place,8
gurner place,7
gurner street,11
gurney place,11
gurr street,36
gurrang avenue,78
gurrit place,18
gurubun close,20
guthridge crescent,69
guthrie street,12
guy place,10
gwydir square,2
gye place,7
gymea street,22
gymkhana road,18
habgood place,13
hack street,5
hacke place,4
hackett garden,42
hacking crescent,15
haddon street,32
hadleigh circuit,52
hadlow drive,2
hadow place,10
hagan place,1
hagelthorn street,18
hagen place,10
hagon place,16
haigh place,4
hain place,10
haines street,37
hair place,9
hake street,4
hakea crescent,26
hale crescent,17
hale place,9
halford crescent,63
halfrey circuit,40
halifax close,39
hall place,8
hall street,26
hallen close,60
hallett place,6
halley street,4
halligan place,10
hallstrom circuit,41
haly place,9
ham place,4
hambidge crescent,49
hamblin place,11
hamelin crescent,37
hamersley place,13
hamilton row,15
hamlet place,17
hammett place,13
hammill close,12
hammond close,24
hampton circuit,67
hancock street,18
handasyde street,33
handcock crescent,36
hanlon crescent,4
hann street,27
hanna street,18
hannaford street,40
hannah place,6
hannam place,16
hannan crescent,91
hanretty place,14
hansel place,8
hansen circuit,83
hanson place,10
harbison crescent,65
harcourt street,29
harcus close,16
hardey place,4
hardie close,22
harding street,15
hardman street,22
hardwick crescent,38
hardwicke place,14
hardy place,6
hare place,7
harford street,27
hargrave lloyd street,1
hargrave street,45
hargraves crescent,20
harker place,7
harkness street,28
harland place,6
harper street,22
harpur place,10
harpur street,18
harricks crescent,29
harrington circuit,52
harriot road,5
harris place,10
harris street,31
harrison road,5
harrison street,40
harrow crescent,1
harry hopman circuit,71
hart close,14
hart place,6
hart street,20
hartigan garden,4
hartigan street,15
hartley street,16
hartog street,8
hartung crescent,8
harwood court,19
haskett place,13
hassall street,4
hassell place,8
hastings court,10
haswell place,24
hatch place,5
hatfield street,22
hattersley court,31
hatung crescent,1
haugh place,9
havelock hse,1
haverfield place,16
hawdon street,48
hawken street,17
hawker place,8
hawker street,76
hawkesbury crescent,144
hawkesworth place,18
hawkins close,9
hawthorn homestead,1
hawthorn road,5
hawton place,6
hay street,7
hayball place,13
hayden close,13
haydon drive,13
hayes crescent,7
hayley street,30
haynes place,11
haystack crescent,31
hayter place,8
hayward place,7
hayward street,33
hazel smith crescent,18
hazel street,5
hazlitt glade,14
headdy place,5
heading place,6
heagney crescent,153
heales place,8
healy place,8
healy street,29
heard street,94
hearn street,9
heath place,8
heatherington circuit,1
heaton place,13
hebblewhite street,13
hector place,5
heddon place,11
hedger street,20
hedland circuit,34
hedley street,28
heffernan street,1
heidelberg street,19
helemon street,35
helen close,1
helen mayo crescent,24
hellings place,3
hellyer street,12
hemmant street,24
hemmings crescent,53
henderson street,24
hennessy street,8
henning place,11
henry melville crescent,58
henry street,56
henslowe place,18
hensman street,44
henty street,108
hepburn place,6
herbert crescent,19
herington street,18
heriot place,5
heritage road,10
herman close,14
heronswood court,1
herrgott street,1
herron crescent,53
herschell circuit,46
hertz place,3
hervey place,12
hester place,3
hetherington circuit,32
heulin circuit,2
hewlett circuit,23
hewlett court,2
heydon crescent,27
heymann place,7
heysen street,32
hibberson street,2
hibbins place,9
hibiscus crescent,25
hickenbotham street,28
hickory flat,1
hicks street,69
hickson place,10
higgerson street,10
higgins crescent,19
higgins place,3
higgs place,7
high street,1
higham place,3
highett street,5
highmarsh drive,1
higinbotham street,53
hilder street,70
hiles place,6
hill corner,6
hill street,1
hillebrand street,33
hilton close,23
hinchcliffe place,19
hinckley lane,1
hinckley place,6
hindle place,8
hindmarsh drive,84
hingston close,26
hinkler street,42
hinton place,12
hirschfeld crescent,29
hirst place,22
hmas harman,1
hoad place,7
hoadley street,14
hoban place,5
hobart avenue,7
hobart place,63
hobbs street,25
hobby place,11
hobday place,16
hobler place,11
hobson place,5
hocking place,13
hoddinott street,13
hoddle garden,14
hoddle street,2
hodel place,5
hodgeman street,5
hodges street,6
hodgkinson street,33
hodgson crescent,109
hoff place,3
hogan place,8
hogue place,6
holden crescent,58
holden place,8
holder place,2
holder street,17
holland street,15
holley place,9
hollis place,8
hollway street,11
holman street,40
holmes crescent,57
holroyd street,23
holt medcl centre,1
holt place,13
holtermann place,6
holyman street,42
homann place,9
homburg street,17
homeleigh wallaroo road,1
hone place,4
honeysuckle creek,1
honeysuckle creek road,1
honyong crescent,26
hood place,11
hooke place,11
hooker street,28
hooley place,11
hooper crescent,33
hopcroft holt,1
hope street,32
hopegood place,46
hopetoun circuit,122
hopkins street,32
hopman place,11
hopwood place,6
horan place,6
horbury street,21
horizon avenue,10
horne place,7
horrocks street,35
horsley crescent,31
horton close,11
hoseason street,21
hosking place,18
hoskins street,18
hotham crescent,10
houghton place,13
hourigan place,10
hourigan street,1
house circuit,41
houston street,15
hovea street,20
hovell street,10
howard street,19
howarth place,12
howchin place,14
howe crescent,33
howell place,10
howey place,13
howie court,51
howitt street,181
howse street,12
howson place,6
hoy place,5
hubbe street,10
huddart court,1
hudson street,18
huelin circuit,29
huffer close,6
hugh mckay crescent,66
hughes crescent,32
hughes place,1
hughson place,5
hugs lane,4
hull place,7
humble court,23
humffray street,9
humphris place,4
hunt street,2
hunter street,20
huntly,3
huon place,10
hurley street,65
hurry place,9
hurtle avenue,47
hurwood place,5
hussey cove,10
hutcheon place,8
hutcheson street,23
hutchins street,21
hutchison crescent,33
hutt street,13
huxham place,6
huxley place,16
hyatt place,5
hyde place,15
hyndes crescent,108
hyne place,5
hynes place,5
hytten place,6
ibis street,20
icely place,3
ifould place,11
igera place,7
ijong street,69
illa langi,1
illawarra court,14
illidge place,8
illingworth street,39
iluka street,1
imlay place,5
ina gregory circuit,47
ince place,5
ind place,5
ingamells street,41
ingham place,8
inglis place,19
ingram street,11
inkster street,31
inlander crescent,33
inman place,3
international house,1
investigator street,75
inwood place,7
iora place,6
ipima street,12
ippia place,9
ipswich street,1
iredale place,8
ireland place,10
iron place,7
ironbark crescent,36
ironside street,27
irvine street,103
irving street,1
irwin street,15
isa street,3
isabella drive,2
ising place,2
isis close,9
isles place,8
iterra place,10
ive place,5
ives court,6
ivo whitton circuit,93
jabanungga avenue,91
jacka crescent,64
jackie howe crescent,115
jackson street,6
jacob place,8
jacobs street,40
jacoby place,5
jaeger circuit,75
jagara street,19
jagga place,1
jalanga crescent,52
james scott close,20
james smith circuit,59
james street,59
jamieson crescent,30
jamison centre,2
janari place,9
jandamarra street,44
jane price crescent,41
jane sutherland avenue,1
janga place,10
jansz crescent,103
jaques place,9
jardine street,158
jarman place,18
jarrah street,23
jarrahdale street,19
jaru place,5
jarvis place,24
jasper close,25
jauncey court,33
jay place,11
jeanette place,9
jeerabomberra avenue,1
jeffcott place,15
jefferis street,32
jeffery place,5
jeffries street,1
jelbart street,25
jemalong street,66
jenke circuit,7
jenkins street,17
jenkinson street,23
jenks place,11
jenner court,20
jennings street,68
jens place,4
jensen place,9
jensen street,43
jenyns place,2
jerilderie court,6
jerome place,17
jerrabomberra avenue,105
jerramlee,1
jersey street,2
jervois street,34
jess place,7
jessop place,7
jessup place,11
jessup street,2
jevons place,14
jewell close,21
jiggi place,5
jim pike avenue,56
jinanderra drive,1
jindabyne street,17
jindivik place,13
jingara cottage,1
jinka street,81
jobson place,6
joel place,7
john cleland crescent,134
john close,13
john james hospital,1
john james medical centre,3
john russell circuit,34
john xxiii college,2
john young crescent,25
johnson place,10
johnston road,1
johnston street,19
johnstone circuit,41
jondol place,79
jones place,13
jonsson court,27
jordan place,12
jose place,4
joseph place,3
josephson street,1
joske place,18
joyce place,6
joyner place,32
juad place,7
judd place,6
judkins street,7
jukes place,7
jukes street,20
julia flynn avenue,119
julius street,29
jull place,4
jurtle avenue,1
just place,5
justice place,17
juwin street,16
kaberry place,24
kadina crescent,29
kaeppel place,14
kaga place,5
kaleski place,8
kalgoorlie crescent,104
kallara close,52
kallaroo road,18
kallenia rivers,1
kambah exchange street,1
kambah medical centre,1
kambah pool road,1
kambah shopping vlge,7
kambah vlge,5
kambalda crescent,116
kanangra court,5
kanangra place,13
kanbi place,13
kane place,3
kanga place,8
kangaroo close,1
kangaroo court,36
kanooka street,40
kapiu place,2
kapunda street,17
karawatha place,8
kardang street,18
kareelah vista,11
karingal court,1
karingar court,1
karla place,4
karloo street,3
karney place,17
karney street,25
karri street,5
karrugang circuit,37
karuah street,21
kater place,45
katherine avenue,37
kathner street,14
katz place,8
kauper street,34
kavel street,52
kaveneys road,14
kay close,7
kay place,5
kayser place,9
keane place,5
kearne place,7
keartland street,30
keats place,15
keeling place,6
keenan street,20
keene place,11
keily place,2
keira street,20
keith street,37
kellaway street,4
kellermann close,33
kelleway avenue,108
kellick place,24
kellway street,35
kelly close,1
kelly place,9
kelpie place,4
kelsall place,7
kelso street,1
keltie street,4
kelverstone circuit,1
kembla street,4
kemble court,1
kemp close,5
kemsley place,19
kendall place,6
kennedy street,102
kennerley street,22
kennewell place,8
kenny place,7
kensington place,1
kent street,49
kenyon circuit,87
kepert place,4
kerferd street,24
kerkeri close,12
kernot street,17
kerr place,11
kerr street,1
kerrigan street,26
kershaw place,6
kesteven street,2
kett street,17
keveneys road,1
keverstone circuit,81
kevin street,21
key street,6
keys crescent,23
keysor place,5
khac shopping centre,1
khull crescent,15
kiah place,6
kibby place,2
kidd place,3
kiddle crescent,34
kidgell place,2
kidman close,22
kidston crescent,48
kiek place,3
kieran place,10
kiewa street,28
kilburn close,21
kilby crescent,19
kilgour place,5
kinalung place,13
kinchela crescent,31
kindler place,14
king street,8
kingham place,15
kingsbury street,32
kingscote crescent,68
kingsford smith drive,96
kingsley street,1
kingsmill street,47
kingston park apartments,1
kingston street,29
kingstown street,1
kinkead street,44
kinleyside crescent,37
kinnimo place,6
kinsella street,37
kintore crescent,7
kippax fair,3
kippax health centre,3
kirby place,12
kirchaufs street,1
kirinari street,1
kirkcaldie circuit,29
kirke close,4
kirkham place,12
kirkland circuit,50
kirkpatrick street,1
kirkton street,30
kirkwood crescent,38
kirwan circuit,44
kissane crescent,17
kitchener street,96
kitson place,11
kleinig street,23
knaggs crescent,29
kneebone street,42
kneeshaw street,21
knibbs street,7
knight place,5
knights road,9
knoke avenue,119
knoll place,7
knox close,5
knox street,149
kogarah lane,7
kohlhagen street,7
koolami street,1
kooringal,2
kootara crescent,27
kootingal street,33
kosciusko avenue,120
krause place,8
krefft street,18
krichauff street,24
kriewaldt circuit,45
kruse place,10
kudyera place,21
kuhn place,7
kulgera street,36
kumm place,21
kuralta court,2
kurrama close,28
kurrama crescent,1
kurria place,8
kurundi place,15
kyabra place,4
la perouse street,222
la trobe close,8
laby place,8
lacey place,10
lachlan court,2
lachlan street,74
lackey place,5
lahey place,9
lahiff place,6
laidley place,18
lake place,9
laker crescent,17
lakeview house tuggeranong town centre,3
lalor street,23
laman place,14
lamb place,8
lambell close,23
lambert street,17
lambie place,6
lamble place,9
lambrigg,1
lambrigg street,125
lamington street,22
lamond place,5
lampard circuit,115
lamport place,5
lance hill avenue,21
landale place,13
landells place,9
lander crescent,38
landor place,10
landsborough street,18
lane place,12
lane-poole place,43
lanfell crescent,1
lang street,4
langdon avenue,93
lange place,16
langlands close,13
langley place,9
langridge street,42
lanley square,20
lanne place,3
lansell circuit,66
lanyon homestead,1
lanyon street,1
lappin place,10
lapsley street,12
laptz close,20
larakia street,33
larcombe crescent,15
lark place,8
larkin close,13
larpent street,10
lascelles circuit,32
laseron place,23
latchford street,29
lathlain street,6
latrobe close,1
laughton street,24
launceston street,109
laurie place,10
lavan place,18
lavater place,12
laver place,6
laverton avenue,4
lavery place,13
lawes place,9
lawley street,31
lawlor place,19
lawrence close,16
lawrence crescent,30
lawrence wackett crescent,85
laws place,1
lawson way,1
laycock place,33
lazar place,12
lazarus place,9
le gallienne street,18
le hunte street,21
le souef crescent,17
lea place,5
leach street,17
leahy close,217
leahy place,8
leake place,11
leakey place,11
leaky street,1
leal place,9
leane street,20
learmonth drive,89
leason close,12
leavold place,8
ledgerton,2
ledgerton cottage,1
lee place,2
lee-steere crescent,55
leeper place,11
lefroy street,25
leggatt street,12
legge road,1
legge street,28
leibnitz place,28
leichhardt street,89
leighton street,10
leinhop street,1
leisler close,4
leist street,46
leita court,30
leith place,9
lelta place,6
lempriere crescent,21
len waters street,20
lendon place,9
lenehan street,24
lennard street,22
lennon place,5
leonard close,15
leslie street,11
lesueur place,9
lethbridge street,15
lett place,18
letters street,27
leven street,23
lever street,1
levey place,10
levi place,6
levien street,39
levine street,29
lewin street,70
lewis luxton avenue,78
lexcen avenue,79
leycester place,6
lhotsky street,9
lidgett place,14
lienhop street,11
liffey circuit,36
ligar place,9
ligertwood crescent,1
ligertwood street,45
light street,66
lightfoot crescent,51
lilley street,9
limbunya street,17
limestone avenue,79
lincoln close,24
lind close,26
lindrum crescent,65
lindsay street,27
lindwall place,20
line place,6
lines place,1
ling place,5
linger place,11
lingiari court,15
linn street,1
linton place,3
lipman street,6
lipscomb place,14
lister crescent,15
litchfield place,13
lithgow street,2
little place,10
little road,1
littler place,8
liverpool street,38
liversidge street,1
livingston avenue,68
llewellyn crescent,7
lloyd place,13
loader crescent,3
loban court,18
lobb place,5
lobelia street,7
loch street,8
lochbuy street,31
lochee place,15
lochleigh,1
lock place,6
lockhart place,10
lockwood place,3
lockyer street,36
lodder place,11
loddon street,28
loder place,9
loftus street,39
lofty close,29
logan street,13
logue place,8
lomandra street,5
lomatia place,12
lomman place,11
london circuit,63
long place,5
long plain road,2
long stay van park,1
longerenong street,32
longford street,27
longley place,11
longman street,23
longmore crescent,94
longstaff street,61
longstay caravan park,6
longstay caravn park,8
longstay park,1
longstay village,1
longworth place,30
lonsdale street,13
looranah street,9
lord street,10
lorimer place,9
lorne place,21
lort place,21
loton place,7
lott place,9
louat place,5
louis loder street,60
louisa lawson crescent,40
loureiro street,36
love street,26
lovegrove place,18
lovekin place,8
lovelock court,6
lovett close,8
low place,4
lowanna street,67
lowe court,6
lowerson place,10
lowrie street,29
loxton place,4
lubuma place,14
lucas lane,1
lucas place,7
luckins place,11
luckman place,14
lucy gullett circuit,54
luehmann street,34
luffman crescent,22
luke street,19
lukey place,9
lukin place,9
lumbuma place,1
lumeah street,35
lumholtz place,10
lunn place,5
lupus place,8
lush place,3
lutana street,41
lutanda close,1
luther place,6
lutwyche street,27
luxor,3
lyall crescent,31
lybe place,1
lycett street,26
lyle place,9
lynch street,44
lynd place,7
lyndon street,29
lyne place,9
lyon place,5
lyrebird place,15
lysaght street,2
lyster place,11
lyttleton crescent,85
mac george place,13
mac kennal street,1
mac kinley circuit,2
macadam street,17
macalister crescent,60
macalpine close,8
macarthur avenue,51
macarthur place,12
macartney crescent,10
macbain street,1
maccallum circuit,46
maccullock street,2
macdonald avenue,4
macdonald place,15
macdonald street,1
macdonnell street,49
macdowell street,48
macedon crescent,33
macfarland crescent,77
macfaull place,10
macgillivray street,18
macgregor street,176
macindoe place,10
macintyre place,20
mack street,18
mackaness place,23
mackay crescent,43
mackellar crescent,110
mackennal street,58
mackenzie street,104
mackerras crescent,39
mackey place,8
mackie crescent,27
mackinnon street,2
mackinolty street,23
mackney place,9
macknight place,9
mackrell place,12
maclachlan street,41
maclagan street,28
maclaurin crescent,72
maclean street,38
macleay street,56
macmillan crescent,1
macnamara place,17
macnaughton street,50
macneil place,10
maconochie crescent,22
macpherson street,56
macquarie place,5
macquarie street,57
macqueen place,10
macquoid place,13
macrobertson street,34
macrossan crescent,74
macs reef road,2
mactier place,6
macumba place,9
macvitie place,7
madden place,5
maddigan street,1
maddison close,16
maddock place,31
madigan street,114
madsen place,9
magarey place,8
magennis place,12
magenta square,44
magrath crescent,70
mahaffey crescent,3
maharatta circuit,38
mahon place,7
mahony court,6
maiden street,1
maidment place,20
mailey retreat,12
main close,18
main street,2
mainoru place,12
mainwaring rich circuit,91
mair place,6
maitland street,62
majura avenue,119
majura lane,2
majura road,24
malahide garden,3
malara street,37
malcolm place,28
malindi place,17
maling place,4
mallee place,8
maloney close,5
maloney street,13
maltby circuit,75
mana place,6
mandurah place,21
manifold place,9
manity court,17
mann place,4
manna close,17
mannheim street,26
manning street,28
mansfield parade,1
mansfield place,33
manton place,5
manu place,6
manuka arcade,1
manuka circle,6
manuka court,1
manuka plaza,2
manuka village,1
maplestone place,21
mara place,8
maraar place,14
marakai street,3
marakei,1
maranboy street,38
maranoa street,36
marawa place,13
maray place,5
marchant circuit,65
marconi crescent,60
marconi-harrington crescent,1
marcus clarke,1
marcus clarke street,87
mareeba street,7
marengo place,30
margany street,9
maria place,13
maribyrnong avenue,134
marien place,5
marika street,13
markell place,10
markham street,14
marks place,6
marlee place,15
marlock street,46
marmion place,4
marou place,40
marqua place,10
marquet retreat,16
marr street,81
marrakai street,38
marrawah street,35
marrett street,17
marri street,7
marsden street,60
marsh place,7
marshall street,121
marston place,9
martens crescent,26
martin street,23
martley circuit,56
martyn close,4
marulda street,26
marungal avenue,37
marungul avenue,1
mary mckillop place,6
mary potter circuit,10
maryborough street,5
mason street,2
masonic birks place,1
masonic retirement vlge,1
massey street,21
massie place,16
masson street,14
masters place,10
mataranka street,31
matcham place,9
mather street,39
mathews place,11
mathieson crescent,47
mathison place,7
mathoura court,2
matina street,66
matson street,4
matthews place,2
mattingley court,18
matzek place,5
mauger place,9
maughan crescent,19
mauldon street,18
mault place,14
maund place,5
maurice place,18
mawalan street,32
mawson drive,60
max henry crescent,28
maxwell street,9
maxworthy street,47
may gibbs close,2
may maxwell crescent,61
may mills close,19
may street,2
mayer court,2
mayfield hill street,6
maygar street,24
maynard street,35
mayne street,30
mayo street,39
mcalpine place,18
mcarthur east avenue,1
mcarthur place,10
mcaulay place,11
mcauliffe court,19
mcbeath place,10
mcbride place,11
mcbryde crescent,69
mcburney crescent,35
mccabe crescent,52
mccann street,24
mccarten place,12
mccarthy place,16
mccarthy road,12
mccaughey street,29
mccaw place,8
mccawley street,54
mccay place,13
mcclaughry place,10
mcclelland avenue,77
mcclintock street,55
mcclure street,31
mccoll street,18
mccombie street,13
mcconnel crescent,36
mccool place,5
mccormack street,57
mccrae street,14
mccubbin street,35
mcculloch street,54
mccullock place,15
mcdermott street,44
mcdonald street,20
mcdonnell close,12
mcdougall street,29
mcdowall place,19
mcdowell street,1
mceachern crescent,52
mcelhone court,31
mcewan street,4
mcfarlan place,27
mcgee place,13
mcghie place,9
mcgill street,28
mcginness street,31
mcgivern crescent,44
mcglinn place,14
mcgowan place,8
mcgowan street,17
mcgowen close,17
mcgrowdie place,26
mcguiness place,15
mchale place,6
mchenry street,10
mchugh street,37
mcillan crescent,1
mcilveen place,9
mcilwraith close,13
mcinnes street,76
mcintosh street,40
mcintyre street,81
mckail crescent,52
mckain place,6
mckay garden,11
mckay gardens professional centre,2
mckay gardens profsnl centre,1
mckay street,4
mckeahnie street,25
mckean place,4
mckellar shopping centre,1
mckenna street,4
mckenzie street,18
mckeown place,11
mckibbin place,1
mckid court,16
mckillop circuit,73
mckinlay street,50
mckinley circuit,40
mckinnon street,9
mckintyre place,1
mckivat close,14
mclachlan crescent,44
mclachlan street,2
mclaren crescent,30
mclarty court,23
mclean place,13
mclellan place,5
mcleod place,24
mclorinan street,18
mcluckie crescent,38
mcmahon court,19
mcmanus place,17
mcmaster street,38
mcmillan crescent,114
mcminn close,7
mcnamara street,36
mcneil place,6
mcnickoll place,1
mcnicoll place,13
mcnicoll street,22
mcnolty place,7
mcphail place,9
mcphee place,7
mcquade close,20
mcrae place,12
mcritchie circuit,6
mcshane place,9
mctaggart crescent,28
mcvey place,6
mcvilly close,9
mcwhae circuit,55
meacham place,7
meagher place,10
meares place,8
medley mews,1
medley street,160
medlin street,1
medworth crescent,39
meehan garden,27
meerup street,7
meeson street,30
mehaffey crescent,23
meiklejohn place,18
mein place,8
meina place,1
melba street,93
melbourne avenue,25
melbourne building,1
meldrum street,33
melia place,11
mellish place,4
mellor circuit,32
melrose drive,109
melrose mews,1
melville place,9
melvin place,9
menkar close,1
menkens court,15
mentha place,15
mentone view,11
menzie place,11
menzies court,14
mercer place,3
meredith circuit,47
merfield place,14
meriden wallaroo road,3
mermaid street,10
merrang court,1
merrett garden,8
merrett street,1
merri place,9
merriman crescent,47
merrit place,10
mersey place,10
mertz place,15
merv waite street,19
messenger street,40
meston place,13
metcalfe street,14
methven place,9
mewton place,11
meyers place,21
meymott place,11
meyrick place,12
miago court,9
mialli place,8
michael holt crescent,42
michaelis court,3
michell street,39
michie street,43
middleton circuit,45
middlewood street,1
midge street,7
midwood court,9
miena place,4
miethke place,16
mighell place,11
milapuru,2
milari street,17
milbus place,6
mildenhall place,4
mildura street,2
mileham street,44
miles place,7
milford street,35
millar place,7
millard place,11
millen street,46
miller street,149
millhouse crescent,24
millpost close,11
mills place,7
mills street,25
millynn road,3
milne cove,9
milson street,9
mimosa close,24
mina wylie crescent,48
minchin place,7
mindarie street,13
minehan place,17
minnett close,16
minns place,3
minnta place,15
minter place,15
miralwyn bridge street,1
mirams place,7
miranda place,26
mirbelia crescent,23
mirning crescent,51
mirrabucca crescent,33
mirrinjani vlge,1
mirrool street,53
mitchell street,11
mitta place,9
mocatta place,9
mockridge crescent,49
mofflin street,22
moinanhan street,1
moir place,7
mokare street,14
mokoan place,13
molesworth street,42
molineaux place,16
mollee crescent,27
mollison street,13
molloy crescent,31
moloney close,9
molonglo mall,1
molonglo river park,1
molvig street,18
monaghan place,17
monaro crescent,132
monaro highway,9
moncrieff street,20
monfries place,5
monkman street,64
monson place,10
montagu place,13
montefiore crescent,24
montford crescent,3
montgomery place,25
moodie street,30
moogerah street,16
moon place,26
moonbi crescent,23
moondarra street,4
moongamba wallaroo road,1
moonta place,8
moor place,16
moore place,6
moore street,86
moorehead place,21
moorhouse street,83
mooyi place,9
moran place,8
morant circuit,42
morduant place,14
moree street,1
morehead place,1
morehead street,31
moresby street,3
morey place,7
morgan crescent,85
moriarty street,8
morice place,11
moroak street,29
moroney street,19
morphett street,14
morphy place,5
morrell place,13
morris street,3
morrison road,1
morrison street,74
morrissey street,14
morrow street,45
morshead drive,1
mort street,21
mortimer lewis drive,35
mortlock circuit,52
morton street,38
moruya circuit,26
moseley place,13
moses place,3
mosman place,5
moss street,28
moten street,6
mott street,4
mouat street,15
moulden court,41
moulder court,19
moule place,5
mount street,1
mount stromlo road,10
mount taylor court,1
mount vale,1
mount vernon drive,129
mount warning crescent,1
mountain circuit,64
mountain creek road,15
moura place,9
mowle place,11
moy place,5
moyes crescent,22
moynihan street,43
mt stromlo observatory,1
mt vernon drive,1
mt warning crescent,21
mudge place,5
mudie place,5
muecke place,8
mueller street,39
mugga lane,7
mugga way,100
mugglestone place,42
muir close,26
muirhead place,12
mulder place,9
mules place,13
mulga street,20
mull place,7
mullagh place,5
mullan street,34
mullen place,6
mullens place,8
mulleun close,14
mulley street,20
mullins place,8
mulvany place,7
mulvey place,6
mundang crescent,31
mundawari,1
mundawari circuit,48
mundays lane,1
munga place,17
munro street,54
muntz street,30
mura close,8
murchison street,41
murdoch street,28
muresk street,27
murphy street,18
murranji street,94
murray crescent,15
murrell place,17
murrung crescent,25
musca place,11
muscio place,5
musgrave street,87
musgrove street,18
muskett place,12
musson close,26
must circuit,52
myall street,24
myers place,9
myles close,10
myles connell crescent,18
naas close,20
naas road,11
naas valley,1
naden place,9
nagara street,18
nagel place,5
nairn place,12
naismith place,12
nakala place,9
namadgi circuit,111
namatjira drive,287
namatjira street,1
nambir court,18
nambucca street,39
namdgi circuit,1
namoi place,13
nanda place,15
nangi place,17
nangle place,10
nangor street,51
nanima road,17
nanima springfield park,1
nannine place,10
nanson place,16
napier close,31
napper place,11
napthali close,19
narambi street,16
nardoo crescent,52
nares crescent,4
narrabundah health centre,1
narrabundah lane,49
narran street,21
narryer close,48
nash place,11
nass road,1
nassau place,6
nathan street,25
national capital private hospital,3
national circuit,44
neales street,30
nealie place,8
needham place,14
neeld place,19
neil place,8
neilson street,32
nelanglo street,1
nelson circuit,1
nelson place,33
nelumbo street,31
nemarang ck,1
nemarang crescent,130
nepean place,27
neptune street,6
nerida garden,1
nerli place,11
nernst place,7
nettlefold street,1
neumayer street,20
neville place,8
new south wales crescent,9
newbery crescent,30
newbigin place,2
newbu place,1
newcastle street,3
newdegate street,40
newington road,3
newland street,18
newlop street,36
newman crescent,6
newman morris circuit,210
newman street,12
newmarch place,14
neworra place,20
newton street,24
ngunawal drive,31
niblo place,5
nicholas street,38
nicholls place,11
nichols street,5
nicholson court,1
nicholson crescent,13
nicklin crescent,30
nicolle place,8
nimbin street,33
nimmo place,3
nina jones crescent,21
nioka place,1
nirang crescent,1
nish place,7
nivison place,9
noakes court,20
noala street,33
noarlunga (north) street,1
noarlunga crescent,48
noble close,19
noble place,17
noel ryan garden,24
nona place,4
noongah yass road,1
noongale court,42
norfolk street,5
norman fisher circuit,6
norman street,42
normanby crescent,2
norris street,26
norrish place,9
north garden,1
north place,11
north street,4
northam street,2
northbourne avenue,161
northbourne flats,9
northcote crescent,13
northcott drive,15
northern hills street,1
northgate garden,3
northmore crescent,41
norton road,1
norton street,32
nott street,44
notting court,32
novar street,82
nowlan crescent,1
nugal place,10
nullagine street,46
nulsen circuit,34
numbat place,5
numeralla street,8
nummerak close,1
nunan crescent,31
nungara street,41
nunki place,5
nuyts street,21
nyah place,7
nyawi place,9
nyeena place,3
nymagee place,20
nyrang street,3
o'connell street,22
o'conner circuit,1
o'connor circuit,93
o'dea place,6
o'dowd street,3
o'grady place,14
o'hagan street,11
o'halloran circuit,50
o'hanlon place,1
o'hara close,13
o'hea street,12
o'loghlen street,51
o'mara place,3
o'meara place,7
o'neill street,20
o'reilly place,10
o'reilly street,17
o'rourke street,39
o'shanassy street,22
o'sullivan parade,1
o'sullivan street,73
oakden street,1
oakes street,11
oakey creek road,21
oakey place,6
oakover circuit,34
oaks estate road,1
oakwood place,10
oatley court,1
oats place,3
obarton highway,1
ocean rover way,2
octans close,4
octy place,8
oddie place,6
odea place,3
odern place,8
officer crescent,79
officers mess adfa,1
ogden close,20
ogg place,4
ogilby crescent,30
ogilvie place,13
oira place,1
old charnwood road,1
old federal highway,2
oldershaw court,22
oldfield circuit,26
oldham court,11
oliver street,103
olliff place,7
olney place,7
olympus way,49
oman place,9
onians place,5
onkaparinga crescent,69
onslow street,15
orchard place,14
ord street,8
ordell street,16
orion place,11
orkney place,5
ormerod place,12
ormond street,10
orr street,2
ortloff place,5
osborn place,7
osborne place,26
osburn drive,124
osmand street,38
ossa place,15
oster place,5
outtrim avenue,99
outward bound school,1
ovens street,58
owen crescent,32
owen dixon drive,64
owen street,2
oxley street,118
packer street,36
packham place,18
padbury street,50
paddys river road,9
paech place,3
page street,4
pails place,7
painter place,11
paisley street,1
palana place,10
paling place,11
palmer street,39
paloona place,24
pambula street,20
pandanus street,75
pankhurst crescent,22
panton street,1
parer place,7
parer street,15
parfitt crescent,28
park street,1
park terrace,4
parker street,32
parkhill street,81
parkin street,38
parkinson street,2
parkwood road,19
parliament house press gallery,1
parliament hse,2
parliamentary precinct,1
parnell place,11
parnell road,3
paroo place,8
parr place,4
parrabel place,10
parry place,6
parsons street,31
partridge street,38
paschke place,8
pasco street,3
pasley place,15
pasmore close,15
paterick place,17
paterson street,35
patey street,18
patten street,16
pattinson crescent,22
patton place,5
paul coe crescent,245
paul place,7
paull place,4
pavo place,4
pavonia street,16
pawsey circuit,24
payne place,15
peacock place,17
peake place,7
pearce street,6
pearcey place,6
pearse place,4
pearson place,8
pearson street,57
peat place,6
pedder street,6
peden place,5
pedley place,9
pedrail place,13
peel street,11
peeler place,8
pelham close,34
pell place,6
pellew street,1
pelloe place,5
pelsart street,31
pemulwuy street,7
pendred street,9
pennefather street,106
pennie street,1
pennington crescent,73
penrhyn street,6
penton place,15
peppin place,11
pera place,6
percival street,29
percy crescent,40
perier place,3
perrin circuit,65
perry drive,92
pethebridge street,52
petre place,8
petre street,7
petrie plaza,3
petterd street,73
pettifer place,7
pettit place,4
phelan place,9
phelp court,16
phillimore place,15
phillip avenue,133
phillips place,16
phillipson crescent,38
phillis place,8
philp place,18
phipps close,3
phoenix place,16
pialligo avenue,3
pickering street,15
pickles street,32
pickworth street,52
picton close,8
piddington street,63
pidgeon place,13
pieman crescent,23
pierces ck,7
pierces creek,1
pierces creek street,4
piesse place,13
pigdon place,25
piguenit close,7
pike place,7
pilbara place,12
pillar place,9
pimpampa close,16
pindari crescent,31
pine island road,1
pines avenue,1
piney ck,1
pinkerton circuit,132
pinkstone place,8
pinoak place,1
pinschof place,7
pinterry place,5
piper street,24
pirani place,13
pirie street,2
pitcairn street,47
pither close,10
pitt place,5
plant road,11
plante place,10
platt place,8
platypus place,10
playfair place,29
playoust place,13
pleasance place,12
plowman place,13
plummer street,20
plunkett street,4
poate street,2
pocket avenue,69
pockley close,16
pogney place,11
pohlman street,26
point hutt road,3
pokana circuit,52
pollock street,29
pomeroy street,27
ponsford place,12
poole place,17
pope street,19
popplewell place,47
port arthur street,41
port jackson circuit,157
porteous crescent,31
portus place,16
postle circuit,57
potts place,15
powell street,41
power street,12
powers place,16
powlett street,29
poynton street,43
praed place,12
pratt place,5
preddey way,33
preiss place,9
prell place,13
prendergast street,17
prentice place,4
prescott street,34
preston street,23
prevost place,4
price place,10
prichard circuit,50
priddle street,30
pridham street,79
priestley place,15
pring place,5
pringle street,5
prior place,8
prisk place,9
proby place,10
proctor street,26
propsting street,18
proserpine court,20
prout place,14
provis place,6
pryor place,15
pryton close,13
pubrick street,1
pudney street,18
pullar place,7
pullar view,3
pulleine crescent,26
pullen street,13
punch place,9
purbrick street,27
purdue street,2
purnell place,17
purser street,10
putney street,1
pye place,4
pyke place,9
pyrie street,1
quaife place,4
quambone place,8
quamby place,10
quandong street,35
quayle place,6
quick street,19
quinlivan crescent,20
quinn street,8
quiros street,37
quist place,3
rabnor place,9
radcliffe circuit,4
radcliffe street,1
radnor place,1
rafferty street,29
ragless circuit,53
railway street,3
rainbow place,15
raine place,4
raiwalla court,17
ralph place,1
ramage place,15
ramsay place,12
randall close,4
randell street,15
randwick road,2
ranken place,87
rankin street,18
rankine place,14
raoul place,17
rapanea street,56
raphael close,11
rapke place,11
rara place,2
rashbrook circuit,1
rason place,13
ratcliffe crescent,51
raw place,3
rawlings place,7
raws crescent,4
rawson street,28
rayment place,10
raymond street,44
rayner place,11
read place,10
reader court,44
real place,8
reay place,8
rechner place,14
red hill lookout road,1
red hill shopping centre,2
redcliffe street,43
reddall close,11
redfern street,25
redgrave place,12
reed street,1
rees place,11
reeve close,5
reeves street,2
rehfisch close,9
reibey place,12
reid place,8
reliance street,1
rendezvous crk gudgenby homestead,1
rene street,31
renmark street,19
rennie street,4
renny place,31
rentoul place,9
renwick street,24
reuther street,20
reveley crescent,45
revell close,16
revill place,7
reynolds street,10
rice place,12
rich street,31
richards street,26
richardson circuit,42
richardson street,17
richman place,7
richmond avenue,3
richmond street,32
richter close,43
rickard place,13
rickards street,3
riddell court,13
riddle place,22
ridley street,25
rienits place,4
rigel place,9
riley close,20
riley place,12
ringrose crescent,49
riordan street,23
rischbieth crescent,61
risdon place,14
ritchie street,2
river street,45
rivers street,25
rivett place,1
rivett street,132
rix place,5
robe street,5
robert campbell road,7
robert lewis court,14
roberts street,14
robertson street,38
robin place,7
robinson street,26
robson street,23
rochford road,4
rochford street,14
rocklands street,24
rodda place,8
roderick street,23
rodway street,19
roe street,7
roebuck street,40
rogers street,32
rohan rivett crescent,29
rohan street,35
rolfe place,7
rolland place,8
rollston street,29
rolph place,8
romani company royal military college,1
rooney place,8
roope close,26
rooth place,8
roper place,9
rose place,6
rose scott circuit,41
rosebery street,47
roseby street,4
rosella street,50
rosenthal street,57
rosevear place,2
roseville street,1
rosewood place,7
roseworthy crescent,36
rosman circuit,51
ross smith crescent,116
ross street,11
rossarden street,52
rossell place,10
rossi place,2
rosson place,4
roth place,7
rouget place,3
roughley place,17
roughsey place,21
rounsevell street,11
rous crescent,3
rouse place,10
rowallan place,6
rowan street,8
rowe place,39
rowell place,13
rowley place,10
rowntree crescent,43
roxon place,7
royal military college long tan coy,1
rubbo crescent,37
rubicon street,17
rubin place,3
rudall street,17
rudder place,10
rufus place,6
rule street,28
rumbelow court,16
rumker place,14
rumsey place,9
rundle place,8
rupp place,4
rusden street,13
ruse street,3
rushbrook circuit,32
russell drive,2
russell drysdale crescent,30
russell street,13
rutherford crescent,9
ruthven street,23
rutledge place,10
ruwoldt place,13
ryan street,27
ryder place,4
rylah crescent,27
ryle place,14
rymill place,21
ryrie street,28
sabine close,16
sachse place,6
sadlier place,3
sadlier street,42
sage close,6
saggers close,21
saggers retreat,4
sainsbury street,18
salamander court,1
sale place,7
salkauskas crescent,9
salmon place,9
salmond street,17
salomons place,15
salsola street,46
saltash place,7
salter place,2
salvado place,11
sambell place,15
samia place,1
sampson close,24
sampson place,2
samson place,12
samuel close,10
samuels crescent,18
sanderson close,28
sandes place,1
sandford street,8
sandover circuit,54
sands place,6
sanford place,31
sangster place,5
santalum street,54
santry place,6
sardine street,1
sargeant place,17
sargood street,18
sasche place,1
sassafras place,13
satchell place,8
satta street,1
saunders street,21
savery street,17
savige street,28
savigny place,3
saville close,24
saw place,6
sawicki place,2
saxby close,21
sayce place,3
sayer place,9
saywell place,11
scaddan place,11
scalby street,1
scantlebury crescent,52
scarborough street,23
scardon street,1
scarfe close,26
scarlett street,40
scattergood place,16
schaffer place,16
schey place,4
schinckel place,9
schlam place,14
schlich street,78
schlink place,3
schoales place,6
schofield place,11
schofield road,1
schomburgk street,34
schonell circuit,52
schow place,4
schubert place,13
schuler place,7
schutt street,2
schwarz place,20
science speak,1
scobie place,8
scoble place,12
scotney place,5
scott street,43
scottsdale street,32
scratchley place,22
scrivener street,109
scullin garden,1
scullin place,6
sculptor street,29
seaborn place,14
seal place,6
searle place,7
seaver street,15
seccombe place,4
seddon place,9
see place,11
seitz place,6
selby place,5
selena close,1
selfe street,2
sellwood street,28
selwyn street,41
sentry crescent,22
serena place,5
serpentine street,55
serra place,8
service street,17
settlement street,1
severne crescent,32
sewell place,15
sexton street,63
seymour place,21
shackell place,8
shackleton circuit,178
shackleton park,2
shain place,7
shakespeare crescent,66
shand place,12
shandon place,12
shann place,13
shannon circuit,53
shara place,8
sharland place,7
sharman place,10
sharp place,9
sharwood crescent,67
shasta place,8
shaw place,2
sheaffe street,53
shean place,16
shearer place,6
sheehan street,46
sheehy street,27
shellshear place,5
shenton crescent,34
shepherd road,2
shepherd street,45
shepherdson place,52
sheppard street,5
sherbrooke street,93
sherlock street,22
sherwin place,17
sherwood circuit,54
sherwood garden,8
shiels place,7
shiers place,9
shipard place,18
shirley street,2
shirlow place,13
shirra close,21
shoalhaven avenue,21
sholl place,6
shopping centre,1
shopping centre gwydir square,1
shore place,13
short place,4
shortland crescent,22
shout place,12
shumack street,98
sid barnes crescent,103
sidaway street,69
simmie place,4
simmons place,7
simon place,16
simons close,5
simpson street,46
sims place,7
simson place,9
sinclair street,69
singleton crescent,21
sinnett place,5
sirius place,9
skardon street,23
skeats street,7
skene street,4
skertchly place,11
skinner street,72
skirving place,6
skye wallaroo road,1
sladen place,13
slater place,11
slavin place,10
sleigh place,1
slessor crescent,56
slight place,21
sloane place,12
sly place,7
small place,9
smalley circuit,38
smart place,9
smeaton circuit,43
smith crescent,1
smith street,17
smiths road,21
smyth place,14
snodgrass crescent,12
snowball place,6
snowden place,17
snowgum road,16
snowy place,10
solander place,22
solly place,44
sollya place,10
solomon crescent,54
solus place,13
somers crescent,5
somerset street,70
somerville crescent,1
somerville street,38
sommerlad place,6
sommers street,18
sonder close,11
sophia street,1
sorell street,6
sorlie place,8
soutar place,7
souter place,15
southam place,7
southee place,3
southern close,19
southern cross drive,105
southlands shops,1
southside caravan park,3
southside motor park,3
southwell park,1
southwell road,3
southwell street,49
southwood retreat,21
sowden street,17
sowles street,1
spafford crescent,49
spain place,11
spalding street,46
sparkes close,35
spears place,4
spec place,4
spence place,11
spencer street,13
spensley place,24
spica street,34
spiers place,8
spigl street,18
spinall street,1
spinifex street,12
spofforth street,46
spowers circuit,70
sprent street,61
spring range road,43
spring rangevia,1
spring station,3
springbett street,26
springvale,1
springvale drive,162
springvale road,2
sproule circuit,33
spry place,7
squire place,10
st clair place,10
st john crescent,30
staaten crescent,64
stace place,25
stacy street,31
stan ray place,6
stanbury close,9
standbridge place,16
stanfield close,23
stanley street,40
stantke place,6
stapley court,11
stapylton crescent,1
stapylton street,22
star close,7
starke street,99
starling place,24
starritt place,30
state circle,10
statton street,8
staughton place,7
staunton place,16
stawell street,16
stead place,6
steele street,17
steffanoni circuit,33
stein place,6
steinfeld court,9
steinwedel street,30
stenhouse close,22
stephen street,28
stephens place,18
sternberg crescent,53
sterry place,5
stevenson street,24
stewart crescent,36
stewart street,1
sticht place,8
stieglitz circuit,41
stillwell place,11
stitch street,1
stobie place,17
stockdale street,42
stockdill drive,1
stockman crescent,2
stokes street,18
stone place,12
stonehaven crescent,52
stoney creek place,1
stonor place,5
stopford crescent,43
stops place,9
storey street,23
storkey place,2
story place,11
stott street,2
stow place,17
strachan place,10
stradbroke street,17
strahan row,9
stralia place,8
strangways street,32
strathgordon court,5
strathnairn place,7
street place,16
streeter place,6
streeton drive,69
strehlow place,15
stretton crescent,52
strickland crescent,107
stromlo crescent,14
strong place,29
stroud place,19
strutt place,8
strzelecki crescent,43
stuart flats,2
stuart street,89
stubbs crescent,15
stuckey place,15
studley street,30
stumm place,11
sturdee crescent,63
sturgeon street,27
sturgess place,11
sturrock place,1
sturt avenue,139
stutchbury street,14
style arcade,1
styles place,7
styx close,7
sue geh circuit,14
sugarloaf circuit,45
sugses crescent,1
sullivan crescent,65
sully place,5
sulman place,33
summer hill road,1
summerland circuit,87
summerlin tauss place,2
summers place,10
summerset street,1
summerville crescent,85
sumner place,13
sundew crescent,7
sundown vlge motel,1
supply place,14
sutcliffe street,4
sutton place,11
suttor street,36
swainsona street,19
swan place,5
swanson street,1
swanton street,42
sweet place,12
swift place,10
swinden street,56
sydney avenue,2
syme crescent,15
symers street,51
syron place,11
taber place,4
tadgell place,12
taggerty street,19
tahrone place,7
talbot street,14
tallara parkway,51
tallawong street,1
tallon place,22
tamar street,2
tambo street,24
tamborine close,13
tana place,9
tanda place,13
tanderra crescent,34
tang place,1
tangari street,31
tange place,7
tanjil loop,9
tank street,16
tannabar place,10
tanner place,12
tantangara street,38
tanumbirini street,41
taplin place,8
tarago place,8
tarana street,19
tardent street,24
tari close,6
tarlton place,12
taronga place,54
taroona place,6
tarra place,15
tarrabool street,17
tarraleah crescent,19
tarrant crescent,40
tasman place,8
tasmania circle,24
tatchell street,38
tate street,24
tattersall crescent,15
tauchert street,19
taul court,1
tauss place,109
taylor place,13
taylor street,35
taylors creek road,1
tazewell circuit,69
tea drinking ck,1
tea garden,1
teague street,27
teakle place,19
tebbutt place,11
teece place,6
telopea park,21
temperley street,155
templestowe avenue,54
templeton street,59
tench street,4
tenison-woods circuit,162
tennant street,1
tennyson crescent,23
tenth street,1
tepper circuit,61
terewah circuit,41
terrigal crescent,8
terry close,17
tewksbury circuit,60
tewksbury crescent,1
thake place,6
tharwa drive,3
the angle,1
the canberra hospital,1
the carrington,1
the causeway,4
the crest,1
the gardens harcourt hill,1
the grange,1
the hermitage,1
the lawns,1
the national capital private hospital,7
the pines avenue,8
the ranch,1
the verge,17
theodore street,124
thermeda place,8
therry place,6
thesiger court,8
third street,1
thom crescent,6
thomas hales place,12
thomas hart street,31
thomas place,8
thompson place,18
thomson street,26
thorn place,8
thornhill crescent,37
thornley place,5
thornton place,13
thorpe street,4
thozet place,5
threlfall street,26
thring place,10
throsby crescent,36
throsby street,1
throssell street,42
thurgood court,15
thurlow place,23
tia close,1
tickett place,1
tidbinbilla road,14
tidbinbilla station,1
tiegs place,4
tiernan place,12
tilden place,9
tilley place,13
tillyard drive,77
timbarra crescent,7
timboram street,16
tinaroo place,5
tindale street,7
tindall place,15
tinderry circuit,62
tingha place,18
tinline place,4
tipiloura street,51
tipper place,6
tipping place,17
tiptree crescent,53
titheradge place,22
tivey place,12
tiwi place,19
tobermorey place,10
tobin place,12
todd street,11
todderdell street,1
togo place,30
tolmer place,10
tom place,5
tom roberts avenue,45
tompsitt court,14
tompson street,29
toms crescent,18
tong place,7
toohey place,9
toolambi street,9
toole place,4
tooma place,5
toomey place,7
tooms place,4
toona place,7
top naas homestead,1
top naas homestead lane,1
top nass,1
topp place,7
torrens place,2
torrens street,159
torres street,14
totterdell street,252
touss place,1
toutcher street,3
tovey place,7
towers place,13
towner place,8
towns crescent,15
townshend street,5
townsville street,2
tozer place,8
traeger street,45
traill place,11
trainer court,17
tralee street,1
trap road,1
traynor court,17
treacy place,6
tregear close,23
tregellas crescent,23
treharne place,14
trenerry street,1
trenwith close,25
trickett place,12
trickett street,34
trigg place,6
trimmer place,8
tristania street,75
trott place,10
troughton street,28
truganini place,19
trumble street,26
trumper street,22
truscott street,14
trussell place,15
tryon street,19
tuart place,7
tubb place,9
tubman place,3
tucana street,13
tuck place,8
tuckett place,6
tuckey place,10
tuckson place,3
tudawalli place,8
tudor place,16
tuggeranong hyperdome street,1
tullaroop street,56
tulloch place,13
tully street,4
tumbleton place,11
tungun street,25
tunney crescent,23
turiss street,1
turnbull place,8
turner place,35
tuross close,15
turriff street,33
tuthill place,13
twamley crescent,79
tweddle place,8
tweed place,14
twelve trees crescent,55
twine place,6
two sticks road,1
twynam street,15
tyagarah street,2
tyenna close,12
tyers street,2
tyner street,5
tyrrell circuit,70
tyson drive,1
tyson street,89
tytherleigh street,45
ulm place,4
ulm street,35
ulva place,7
ulverstone street,32
unaipon avenue,39
underwood street,1
undoolya street,25
union building university bldg,1
union street,2
university avenue,24
university hse,1
university of canberra,1
unt 2 shopping centre,1
upton street,33
urambi village,1
urambi vlge,4
uranbi vlge,1
uren place,6
uriarra road,6
uriarra station,2
urira forest settlement,1
vagabond crescent,51
valder place,16
vale place,5
vallance place,8
valli place,6
van pelt place,6
van praag place,6
van raalte place,14
vanbrugghen street,1
vancouver street,11
vansittart crescent,42
vanzetti crescent,52
vasey crescent,105
vaughan garden,18
veal place,7
veale street,9
vega court,2
vela place,7
venables place,9
venn place,3
verbrugghen street,64
verco street,8
vercoe place,3
verdon street,12
verney place,6
verran place,8
vest place,12
vesta place,11
vicars street,1
vickers crescent,32
vickery street,24
victor place,12
victoria street,18
victory place,9
vidal place,10
vidal street,27
village centre,2
village shopping centre,1
vincent place,11
violet grover place,11
vizard street,7
vogelsang place,30
vollard street,1
von guerard crescent,24
vonwiller crescent,47
vowles road,11
waddell place,67
wade street,30
wadham place,9
wagga street,35
wagstaff place,8
waine place,9
waite street,47
wakefield avenue,46
wakefield garden,31
wakelin circuit,59
wakool circuit,40
waldock street,11
walga close,3
walga place,6
walhallow street,19
walker crescent,108
wall place,7
wallaby place,8
wallace place,10
wallaroo road,56
wallen place,8
waller crescent,83
wallis place,10
walsh place,47
walton street,26
walu street,35
wamaijira drive,1
wambaya crescent,34
wambo close,13
wambool street,37
wanaga place,13
wanderer court,35
wandham place,1
wandoo street,23
wanganeen avenue,57
wangara street,29
wanliss street,8
want place,13
warabin crescent,18
waramanga place,31
waramanga shopping centre,1
waranga place,6
waratah,2
waratah street,47
warburton street,1
warby place,16
ward place,8
wardell place,9
wardill close,8
wardroom,1
ware place,5
wargi place,8
wargila place,16
wark street,11
warland place,9
warner place,7
warragamba avenue,47
warrai place,11
warrambool close,14
warramoo crescent,47
warrego circuit,54
warren place,16
warring place,15
warrumbul street,53
wassell place,8
watchorn close,12
waterfield place,13
waterhouse street,13
waterman place,11
watkins street,21
watling place,41
watson street,14
watt place,5
watt street,3
watterson place,19
wattle street,194
watts street,16
waugh close,19
way street,12
wayal place,12
waylen place,5
wearing street,25
weatherburn place,14
weathers street,31
weavell place,31
weaver place,11
weavers crescent,26
webb place,11
weber place,7
webster street,28
weddin circuit,78
wedge crescent,7
wedgewood close,36
weedon close,3
weekes close,12
weeroona drive,1
weetangera shopping centre,2
weetangerra road,1
weetman place,26
wehl place,6
weigall place,6
weingarth street,18
weipa place,8
weir place,7
welch place,15
weld street,20
well station road,1
wellington street,24
wells garden,18
wells road,5
wells station road,3
welsby place,10
welsh place,11
wendy ey place,17
wenholz street,28
wenlock street,11
wentcher place,13
wentworth avenue,54
were street,40
werong close,6
werribee crescent,21
werriwa crescent,64
west ck retire vlge,1
west place,7
west row,1
westall place,14
westbourne woods,1
westbury circuit,56
western hill street,5
westfield shopping centre,2
westfield shoppingtown,3
westfield shoppingtown (next to medicare,1
westfield shoppingtwn,1
westgarth street,42
westhoven street,20
weston park,1
weston street,41
wettenhall circuit,70
whalan place,18
whatmore court,22
wheadon street,36
wheatley street,39
wheeler ck,1
wheeler crescent,120
wheelwright crescent,11
whinham place,4
whistler place,15
white crescent,37
white place,6
whitelaw street,14
whitelegge close,13
whiteley street,17
whiteman street,12
whiteside court,16
whitfeld street,14
whitfield circuit,15
whitford place,27
whitham place,14
whitney crescent,1
whitney place,1
whittell crescent,22
whittle street,3
whitton close,8
whitton place,4
whitty crescent,27
whyalla street,3
whyte place,6
wiburd street,40
wickham crescent,10
wicks road,2
wilari place,8
wilburd street,2
wilcox place,4
wild street,13
wilga place,11
wilhelmi crescent,36
wilkie place,5
wilkins street,306
wilkinson street,34
willara close,18
willcock place,26
william hovell drive,1
william hudson crescent,76
william street,16
william webb drive,108
william wilkins crescent,67
williams street,46
williamson street,44
willis street,39
willoughby crescent,35
willowvale street,1
wills street,4
willyama place,17
wilmot crescent,2
wilshire street,60
wilsmore crescent,40
wilson crescent,40
wilson street,36
wiltja court,2
wilton place,5
wilton road,3
wiluna street,1
wiman street,1
winder place,7
windeyer court,2
windeyer street,17
windich street,11
windradyne street,44
windsor walk,4
winnecke street,30
winser crescent,32
winstanley street,23
winter street,10
winton place,14
winyu close,6
wirangu place,5
wirilda street,24
wirraway crescent,28
wirria circuit,9
wisdom place,11
wisdom street,33
wise street,13
withers place,20
withnell circuit,27
witt place,5
wittenoom crescent,34
woden centre,2
woden plaza,4
woden square,1
woden valley specialist centre garran sh,1
woinarski place,10
wolfe place,5
wolff crescent,29
wolfingham place,10
wolgal place,14
wollaston place,18
wollongong street,5
wolseley drive,1
wolstenholme street,37
womba place,11
wombat,1
wonga street,5
wongoola close,33
wood place,7
wood road,1
woodburn lane,1
woodburn street,16
woodfull loop,67
woodgate street,28
woodger place,7
woodgrove close,6
woodhouse place,8
woods lane,1
woods place,4
woodstock,1
woody end,2
woolcara lane,1
woolcock street,30
woolls street,16
woollum place,7
woollum street,42
woolner circuit,62
woolnough street,15
woolrych street,7
woolshed lane,2
wootton crescent,37
woralul street,68
woronora street,35
worrall street,25
worrell place,18
wragge place,3
wray place,25
wrenfordsley place,37
wrest street,7
wright place,1
wrixon street,30
wuronga hill street,9
wurth place,6
wuruma place,8
wyangala street,28
wyatt place,7
wyatt street,8
wybalena grove,109
wylabna grove,1
wylde place,8
wyles place,14
wylie street,22
wylly place,21
wyn place,1
wynn place,11
wynn street,29
wynter place,28
wyola place,11
wyoming road,1
wyora station,1
wyselaskie circuit,92
yabsley place,11
yabtree place,13
yagan place,10
yaldwyn place,13
yalga close,16
yalgan place,6
yallourn street,2
yamba drive,2
yamba place,9
yambina crescent,78
yampi place,5
yanco place,8
yanda street,33
yantara street,17
yapunyah street,14
yarra street,46
yarrabee,1
yarralumla bay,1
yarrawonga street,43
yarrow place,13
yass road,4
yates garden,11
yelland place,12
yellowbox road,5
yeo close,8
yerra court,23
yerrabi place,12
yerralee road,7
yiman street,49
yirawala street,24
yolla place,12
youl court,21
young street,10
yuille place,5
yule street,1
yumba avenue,54
yuranigh court,22
zadow place,15
zamia place,31
zeal place,4
zeehan street,1
zeitz court,23
zelman place,6
zincke close,13
zox circuit,51
zwar place,8
