aaliyah,1
aaron,2
abbey,9
abbie,2
abby,4
abigail,1
abii,1
adam,10
adela,1
adele,1
adrian,1
adriana,1
aidan,6
aiden,3
aidyn,1
aikaterina,1
aimee,2
ainsley,1
ajay,1
alaiyah,1
alana,9
alannah,2
alec,1
aleesha,1
aleisha,2
alessandra,2
alessandria,1
alessia,1
alex,1
alex,4
alexa-rose,1
alexander,15
alexandra,17
alexia,1
alexis,1
alia,2
alice,3
alicia,5
alisa,3
alisha,2
alison,1
alissa,2
alivia,1
aliza,1
allegra,1
aloysius,1
alysha,2
alyssa,3
amalia,1
amaya,1
amber,11
ambrosia,1
amelia,5
amelie,1
amy,15
anari,1
anastasia,1
andie,1
andrea,1
andrew,10
aneka,1
angelica,2
angelina,1
angie,1
angus,3
anika,1
anita,1
anna,1
annabel,4
annabella,1
annabelle,4
annalise,2
anneliese,1
annika,1
anthea,1
anthony,3
anton,1
antonio,1
april,6
arabella,3
archer,2
archie,2
arki,1
arren,1
ash,1
asha,1
ashlee,1
ashleigh,4
ashley,1
ashlie,1
ashton,1
aurora,1
ava,2
ayden,1
ayla,1
bailee,3
bailey,11
bailley,1
barkly,1
barnaby,2
baxter,1
bayden,1
bayley,2
beau,2
belinda,1
bella,2
ben,2
benedict,1
benjamin,31
bertie,1
beth,1
bethanie,1
bethany,5
bianca,5
billy,1
blade,1
blaize,1
blake,11
blakeston,1
blayke,1
bodhi,1
bradley,3
braedon,3
braiden,1
brandon,2
brayden,2
breana,1
bree,1
breeanne,1
brendan,1
breony,1
brett,1
brianna,7
bridget,4
brielle,1
brigette,1
brigitte,1
briley,1
brinley,1
briony,1
brock,1
brodee,2
brodie,2
brody,3
bronte,1
brooke,11
brooklyn,3
bryce,2
brydee,1
brydon,1
byron,1
cade,1
cain,2
caitlin,16
caitlyn,1
caleb,10
callie,1
callum,7
calvin,1
cambell,1
cameron,9
campbell,4
caresse,1
carla,2
carlin,2
carly,2
carmen,1
casey,4
cassandra,3
cassidy,1
catherine,3
channing,1
chantelle,2
charlee,1
charles,4
charli,1
charlie,9
charlize,1
charlotte,17
chase,1
chelsea,12
chelsie,1
cheree,1
chevonne,1
cheyenne,1
chloe,23
christian,6
christina,1
christopher,5
ciaran,1
clain,1
claire,3
claudia,3
clement,1
clodagh,1
coby,2
connor,18
cooper,13
corey,1
corie,1
courtney,5
crystal,1
d'arcy,1
daen,1
dakota,1
dale,2
damien,2
daniel,21
daniele,1
daniella,2
danielle,5
danika,1
danjel,1
danny,1
dante,4
darcie,1
darcy,3
david,5
dayna,1
deakin,4
deakyn,1
dean,2
declen,1
delaney,1
demie,1
desi,1
destynii,1
devan,1
diamond,1
dillon,2
dimitri,1
domenique,1
dominic,2
douglas,1
drew,1
dylan,13
eboni,1
ebonie,1
ebony,7
eden,1
edward,3
elana,1
eleanor,1
eleni,1
elijah,1
elise,1
elisha,1
eliza,7
elizabeth,3
elki,1
ella,15
elle,1
ellen,3
elli,1
ellie,4
ellorah,1
ellouise,1
elly,3
eloise,1
elton,1
elysse,1
emalene,1
emerson,1
emiily,48
emma,16
emmerson,1
emmet,1
erin,14
esme,1
esther,1
ethan,19
eva,2
evan,4
evangelia,1
ewan,1
faith,1
felicity,3
fergus,2
finlay,3
finley,1
finn,2
finn,3
finnbar,1
fiona,1
flynn,7
francesco,1
fraser,2
freya,2
fynn,1
fyynlay,1
gabriel,3
gabriella,1
gabrielle,4
garth,1
gemaley,1
gemma,1
genevieve,1
george,4
georgia,19
georgina,1
giaan,1
gianni,3
gillian,1
giorgia,1
giuliana,1
grace,7
gracie,2
grayson,1
gregory,1
griffin,1
gus,1
hamish,4
hana,1
hanna,1
hannah,17
hari,1
harley,1
harley,2
harriet,4
harrison,18
harry,14
harvey,1
hattie,1
hayden,9
haylee,1
hayley,7
heath,2
heather,1
helena,1
henry,5
hollie,1
holly,14
hudson,1
hugh,2
hugo,3
hunter,1
iain,1
imogen,9
india,2
indiana,2
indyana,1
irene,1
isaac,4
isabel,1
isabella,28
isabelle,9
isaiah,1
isobel,1
izaac,1
jacinta,3
jack,35
jackson,12
jacob,20
jacobie,1
jacqueline,4
jacynta,1
jade,9
jaden,2
jaggah,1
jai,3
jaiden,2
jaime,2
jaimee,1
jairus,1
jake,14
jakob,1
james,28
jamie,5
jamilla,1
jared,4
jarod,1
jarred,1
jarrod,2
jarryd,1
jarvis,1
jaslyn,1
jasmin,1
jasmine,9
jasmyn,2
jason,1
jasper,5
jassim,1
jaxin,1
jaxson,1
jay,1
jayde,1
jayde,1
jayden,10
jaykob,1
jayme,1
jazz,1
jean-claude,1
jed,2
jemima,1
jemma,3
jenna,4
jennifer,1
jeremiah,1
jeremy,1
jesse,5
jessica,25
jessie,1
jett,2
jinni,1
joanna,1
jock,1
joe,2
joel,20
john,3
john-paul,1
jonah,1
jonathon,1
jordan,11
jordan,2
jordyn,1
jorja,1
jory,1
joselyn,1
joseph,1
josephine,2
joshua,50
judah,1
julia,5
juliana,3
justin,1
jye,4
ka,1
kade,1
kadin,1
kaela,1
kai,3
kailey,2
kaitlin,4
kaitlyn,2
kale,1
kaleb,1
kalli,1
kallie,1
kane,6
karissa,1
karla,1
karlee,1
karli,2
kasey,1
kate,3
katelin,2
katelyn,6
katharine,1
katherine,1
kathleen,1
katie,2
kayden,1
kayla,5
kayne,1
kaysey,1
kazuki,1
keahley,1
keaton,1
keegan,1
keeley,2
keelin,1
keely,2
keira,1
kelsea,1
kelsey,3
kelsy,1
kelsye,1
kenneth,1
keziah,1
kiana,2
kiandra,1
kiara,2
kiarnee,1
kiera,2
kieran,1
kieren,2
kierra,1
kimberley,1
kimberly,1
kira,2
kiria,1
kirra,5
kirrah,1
kobe,3
koben,1
kody,1
konstantinos,1
koula,1
kristen,2
kristin,1
kristo,1
krystin,1
ky,1
kyah,1
kydan,1
kye,2
kyle,16
kylee,3
kylie,1
kynan,2
kyra,1
lacey,1
lachlan,32
lachlan-john,1
laetitia,1
laklynn,1
lani,1
lara,7
larissa,2
latham,1
laura,5
lauren,15
lawson,1
layla,2
leah,3
lee,1
leo,2
leon,2
levi,2
lewis,5
lexie,1
lia,1
liam,24
liana,1
libby,1
lilian,1
lillian,1
lillianna,1
lilly,1
lily,14
livia,1
lochlan,2
logan,1
logan,3
louis,2
louise,2
luca,1
lucas,10
lucinda,1
lucy,13
luka,1
lukas,2
luke,18
lushia,1
lydia,1
lynae,1
lynton,1
macey,1
mackenzi,1
mackenzie,1
mackenzie,1
mackinley,1
maconal,1
macormack,1
macy,1
madalyn,1
maddison,4
madeleine,6
madeline,8
madelyn,1
madison,16
maggie,1
magnus,1
makayla,2
makenzi,1
makenzie,1
malakai,1
maliah,1
marco,1
marcus,4
maria,1
marianne,1
mark,1
marko,1
marlee,1
marleigh,1
marley,1
mary,1
mason,2
mathilde,1
matilda,4
matisse,2
matteus,1
mattheo,1
matthew,22
max,7
maxin,1
maya,3
meagan,1
meg,3
megan,3
meggie,1
melanie,1
melinda,1
melissa,1
mhary,1
mia,12
micaela,1
micah,1
michael,20
michaela,3
michelle,1
mikaela,2
mikayla,6
mikhaili,1
mikhayla,2
mila,1
millane,1
miller,1
millie,1
miranda,1
mitchell,22
mollie,1
molly,5
monique,4
montana,4
montanna,1
morgan,1
mya,1
mystique,1
nacoya,1
naomi,4
nasyah,1
natalee,1
natalia,3
natalie,1
natasha,2
natassia,1
nathan,14
ned,3
nell,1
nellie,1
nemesia,1
neneh,1
neve,1
niamh,1
nicholas,25
nicola,1
nicolas,1
nicole,2
nikita,2
nikki,2
noah,13
oakleigh,1
oliver,14
olivia,18
oscar,6
owen,1
pace,1
paige,4
pakita,1
paris,3
pascale,1
patrick,6
paul,1
pearson,1
peta,1
peter,3
petreece,1
peyton,1
philip,1
phillip,1
phoebe,5
phoenix,1
pia,1
pino,1
polly,1
portia,1
prudence,1
quinn,2
rachael,1
rachel,7
raquel,1
rebecca,4
rebekah,2
reece,1
reegan,1
reeve,1
reganne,1
renai,1
renee,2
reuben,2
rhett,1
rhiannon,1
rhys,3
richard,2
ridley,1
riley,1
riley,17
robbie,2
robert,4
roberta,1
robin,1
rohan,1
roisin,1
ronan,1
rory,1
rosa,1
rosie,3
rourke,1
roy,1
ruben,1
ruby,14
rupert,1
ryan,10
ryleh,1
ryley,1
saara,1
sachin,2
sam,8
samantha,12
samara,1
samir,1
samuel,19
sana,1
sara,3
sara-louise,1
sarah,17
sarsha,1
sascha,2
saskia,1
savannah,1
schkirra,1
scott,2
seamus,1
sean,4
seanna,1
sebastian,4
serena,1
seth,3
shae,1
shai,2
shakira,1
shakirah,1
shana,1
shanaye,1
shandril,1
shane,3
shannon,1
shannon,1
shantal,1
shaun,2
shawn,1
shelbey,1
shelby,2
shenae,1
shona,1
sian,1
sidonie,1
sienna,3
silas,2
simon,1
simone,2
skye,1
solomon,1
sonja,2
sophie,30
spencer,1
spyke,1
stelio,1
stella,1
stephanie,10
stephen,1
steven,1
stirling,1
summer,1
sybella,1
sylvie,1
taalia,1
tabitha,1
tahlia,4
tahnee,1
tahni,1
tai,1
takara,1
takeisha,1
talan,1
talena,1
talia,6
taliah,3
talissa,1
talyah,1
tanar,1
tansy,1
tanyshah,1
tara,10
tarnee,1
tarnia,1
tarshya,1
tasman,1
tate,1
tayah,2
tayla,2
taylah,7
taylor,3
taylor-saige,1
teagan,3
teaha,1
teal,1
teegan,1
tegan,1
teileah,1
teneille,1
tenille,1
teresa,1
tess,2
thomas,33
tia,1
tiahana,1
tiahnee,1
tiana,3
tiarna,3
tiffany,1
timara,1
timothy,11
toby,5
todd,1
tom,1
tommi-lee,1
tommy,2
tony,1
tori,1
travis,3
trent,1
trevor,1
trey,2
trinity,1
tristan,3
troy,2
tuscany,1
ty,1
tylah,1
tyler,1
tyler,5
tynan,2
tyron,1
tyrone,1
vanessa,3
vendula,1
vianca,1
victoria,3
vincent,1
wade,1
warrick,1
wil,1
will,1
william,26
willow,1
wilson,4
xani,1
xanthe,1
xavier,3
xepheren,1
yana,1
yasmin,3
ysobel,1
zac,7
zach,1
zachariah,2
zachary,13
zack,1
zakariah,1
zali,3
zane,4
zara,2
zarlia,1
zarran,1
zebediah,1
zoe,4
