abbeywood,13
abbotsford,3860
abercrombie,44
aberfeldie,60
aberfeldy,8
abergowrie,132
abernethy,67
acacia creek,5
acacia ridge,2249
acland,143
acton,681
adaminaby,260
adamstown,2326
adamstown heights,1752
adavale,23
addington,28
adelaide,3431
adelaide lead,15
adeline,27
adelong,501
adjungbilly,36
adventure bay,99
afterlee,13
agery,21
agnes,22
agnes banks,188
agnew,2
aileron,2
airdmillan,9
airds,822
aireys inlet,584
airlie beach,586
airly,52
airville,180
aitkenvale,1735
ajana,31
alanvale,43
alawa,679
albanvale,108
albany creek,4803
alberton,986
alberton west,41
albion park,3261
albion park rail,2138
albury,6888
albury east,490
albury west,1
alcomie,18
aldershot,122
aldgate,1217
aldinga beach,1570
alectown,90
alexandra bridge,85
alfords point,859
alfred cove,973
ali-curung,1
alice creek,7
alice springs,7951
alinjarra,37
alkira park,5
allambee,43
allambie,495
allambie heights,1874
allandale,45
allanooka,28
allans flat,49
allansford,449
allawah,1379
allendale,51
allendale north,2
allens rivulet,82
allgomera,1
allies creek mundubbera,12
alligator creek,687
allingham,417
allora,622
allworth,62
allynbrook,30
alma bay,131
almaden,19
almonds,5
alstonvale,5
alton downs,373
altona east,3
altona meadows,3927
altona north,4023
alvie,93
alyangula,336
amby,48
amelup,27
american beach,34
american river,185
amesbury,7
amiens,127
ammerdown,1
amphitheatre,110
ancona,33
andergrove,3136
anderleigh,22
andrews,513
anduramba,30
angaston,977
angledale,25
anglers paradise,217
anglers rest,10
anglesea,1876
angurugu,23
anketell,61
annandale,6314
annangrove,350
annuello,27
ansons bay,40
antill ponds,5
anula,723
anzac village,1
appila,51
appin,520
appin south,39
apple tree creek,145
applecross,2524
applegarth,5
apslawn,1
apsley,179
aquatic paradise,5
araluen,79
aramara,29
arana hills,2280
arcadia,605
archdale,8
archdale junction,1
archies creek,86
ardeer,1861
ardglen,10
ardlethan,269
ardmona,222
ardrossan,667
areyonga,6
argenton,516
argoon,13
argyle,62
ariah park,263
armagh,27
armatree,62
armidale,8382
armstrong,31
armstrongs beach,135
arno bay,154
arnold,26
arnold west,9
aroona,882
arrilalah,1
arrino,32
artarmon,4001
arthurs creek,166
arthurton,134
arundel,2617
ascot,2599
ascot factory,47
ascot park,1100
ascot vale,4951
ashbourne,92
ashby heights,1
ashby island,2
ashfield,8250
ashford,632
ashgrove,4296
ashmore city,1
ashwood,2124
aspendale gardens,884
aspley,4758
asquith,1163
athelstone,2870
atherton,2613
athlone,51
athol park,410
atholwood,11
attunga,283
attwood,418
atwell,1314
aubigny,94
auburn,8139
auburn vale,5
audley,8
augathella,263
auldana,181
aurukun,77
austins ferry,686
austinville,12
austral eden,51
australia plains,10
avalon,2981
avalon beach,386
avenell heights,278
avoca,1140
avoca beach,1854
avoca heights,40
avoca north,423
avon,22
avondale,162
avondale heights,3500
avonmore,9
axe creek,44
ayers rock,29
ayrford,8
baan baa,94
babbage island,7
babyl creek,2
bacchus marsh,4323
back valley,81
baddaginnie,163
baden,20
badgebup north,26
badger island,1
badgerin rock,15
badgin,25
badu island,62
bael bael,1
baerami,34
baerami creek,16
bagdad,349
bago lower,12
bahrs scrub,255
bailey creek,32
bailieston,5
bailup,4
bairnsdale west,1
bakers creek,243
bakers swamp,33
baking board,4
balaklava,836
balcatta,3354
balcolyn,316
balcombe,5
bald knob,37
bald nob,1
balfour,2
balhannah,564
balkuling,54
balla,26
balladoran,35
ballalaba,42
ballan,771
ballarat,12791
ballarat central,1
ballarat north,432
ballard,37
balldale,99
ballendella,48
balliang,98
balliang east,43
ballidu,74
ballidu east,20
ballidu west,7
ballimore,80
ballina,5314
bally bally,37
ballyrogan,38
balmain east,258
balnagowan,5
balnarring beach,69
balonne,6
balook,6
balranald,724
balrootan north,2
balwyn north,6707
bamawm,205
bambaroo,80
ban ban springs,4
banar,10
bancroft,26
bandianna,1
bangham,26
bangor,1765
banjup,372
banks,1132
banksia,703
banksia peninsula,8
banksmeadow,96
bannerton,70
bannister,50
banool,1
banoon,3
banyabba,1
banyena,25
banyo,1781
banyule,8
bar beach,538
barabba,13
baralaba,250
baranduda,368
barcaldine,676
barep,13
barfold,38
bargara,2093
barham north,3
barilla bay,2
baringhup,83
barjarg,59
barkly,29
barkstead,10
barmah,173
barmedman east,21
barmera,1272
barmera west,68
barnadown,7
barnawartha north,9
barnawartha south,7
baromee point,1
barongarook,276
barooga,544
baroota,29
barraba,850
barrabool,26
barrack heights,1953
barrack point,289
barragup,279
barrallier,8
barramunga,12
barretts creek,3
barrington,281
barrington lower,80
barringun,6
barrow creek,3
barryreenie,3
bartle frere,42
barton,204
barunga,13
barunga gap,13
barwite,90
barwon heads,1460
baskerville,93
basket range,94
bassendean,3092
batar creek,12
batchelor,249
batchica,2
bateman,1171
batemans bay,1711
batlow,628
battery hill,402
bauhinia,53
baulkamaugh,13
baulkham hills west,75
bauple,246
bawley point,439
baxter,1510
bay village,1
bayfield,1
bayindeen,2
baynton,83
bayonet head,800
bayswater,9853
bayswater north,2388
bayview,1621
bayview heights,1678
beach holm,2
beachlands,280
beachmere,1083
beacon,71
beacon south,14
beaconsfield upper,960
bealiba,104
bearbung,2
bearii,73
beatrice creek,5
beaudesert,2219
beaufort river,15
beaumaris,4701
beaumaris north,1
beaumont,943
beaury creek,7
beauty point,742
beckom,101
bectric,20
bedford harbour,21
bedford park,541
bedfordale,436
beechboro,3147
beecher,140
beechmont,288
beecroft,2800
beelbangera,175
beelerup,1
beeliar,899
beenak,1
beenleigh,2909
beenong,25
beerburrum,195
beermullah,39
bees creek,136
behana,3
belahville,3
belalie,18
belbora,58
belconnen,1229
belgian gardens,775
belgrave,1860
belimbla park,92
belivah,86
belka,3
belka east,19
bellambi,1129
bellarine,66
bellata,258
bellawongarah,37
bellbird heights,73
bellbridge,136
bellenden ker,74
bellevue hill,3526
belli park,85
bellingham,37
bellmere,507
bells beach,30
bells bridge,80
bellthorpe,53
bellthorpe west,3
belmont,11508
belmont heights,4
belmont north,2566
belmont park,8
belmore river,74
belrose,3223
belvedere estate,69
belvidere,16
belyuen,3
bemboka,246
bembridge,1
ben bullen,22
ben venue,80
bena,124
benalla east,3
benalla west,2
benambra,114
benandarah,37
bendalong,93
bendemeer,222
bendick murrell,66
bendigo east,110
bendigo north,217
bendoc,65
benetook,1
benholme,3
beni,29
benjinup,1
benloch,46
benneree,7
bennetts green,13
bennettswood,34
benowa,2611
benowa waters,1
berala,2250
beresford,487
bergalia,56
berkeley vale,3206
berkley downs,1
bernard,1
bernier island,1
berowra heights,1587
berremangra,22
berrico,38
berriedale,831
berrilee,89
berrima,353
berrima west,3
berrimah,264
berrimbool,6
berringa,44
berringama,34
berringer,5
berriwillock,113
berry park,10
berthong,16
bertram,82
berwick,7744
bessiebelle,60
beswick,5
bet bet,70
beta,1
bete bolong,23
bethanga,205
bethania,1487
bethany,19
bethel,16
beulah,240
beulah park,579
beveridge,146
beverley park,526
beverly hills,3082
bewong,4
bexhill,150
bexley north,887
bibaringa,23
bibbenluke,63
bibby springs,16
bibra lake,1961
bickley,223
bickley vale,2
bicton,2495
biddaddaba creek,5
biddon,8
bidgeemia,23
bidwill,1266
big hill,91
big pats creek,8
big springs,42
biggera waters,1774
bilbarin,2
bilbul,199
bilgola,244
bilgola beach,18
bilgola plateau,949
bilingurr,15
billabong,28
billys creek,21
bilpin,299
bimbaya,4
bimbi,31
bimbimbie,1
binda,111
bindogundra,37
bindoon,440
bingera,32
bingham,6
bingie,75
bingil bay,138
biniguy,67
binjour,80
binjura,1
binnia,4
binningup,368
binnu west,34
binnum,28
birchgrove,1014
birkdale,4179
birkenhead,570
birmingham gardens,781
birralee,57
birrong,918
birtinya,143
birubi point,36
bishops creek,13
bishopsbourne,59
bittern,1030
black hill,371
black lead,2
black mountain,98
black rock,2375
black springs,104
black stump,6
black swamp,12
blackall,719
blackburn north,1521
blackbutt,1079
blackfriars,3
blackheath,1937
blackmans bay,2436
blackmans flat,6
blacks beach,492
blacksmiths,716
blackstone,269
blackstone heights,301
blacktown,13292
blacktown south,1
blackwood creek,44
blackwood forest,10
blades hill,1
blair athol,1711
blairmore,3
blakebrook,13
blakehurst,2104
blakeview,939
blakiston,29
blakney creek,34
blampied,80
blanchview,12
bland,7
blandford,99
blaxlands ridge,50
blayney,1119
blessington,38
blessington upper,17
bligh park,1815
bloomfield,28
bloomsbury,115
blue haven,1427
blue mountain,13
blue mountain heights,25
blue rocks,14
blueys beach,80
bluff,177
blythdale,6
blythe heads,8
boat harbour,534
bobbin head,4
bobin,43
bobs creek,1
bobundara,12
bocoble,67
bodangora,14
boddington,503
bogan gate,129
bogangar,855
boggabilla,284
boggabri,630
bohle plains,11
bohnock,50
boigbeat,1
bokal,27
bokarina,462
bokhara,4
bolinda,56
bollon,139
bolong,29
bolte bay,2
bolwarra,485
bolwarra heights,374
bolwarrah,23
bomaderry,2606
bombay,2
bombeeta,2
bombowlee,1
bonalbo,201
bonbeach,947
bondi junction,4435
bondoola,44
bongaree,2345
bongeen,58
bonnells bay,1376
bonnet bay,846
bonnet hill,85
bonnie doon,335
bonnie rock,27
bonniefield,38
bonny hills,844
bonnyrigg,3078
bonville,621
bonville north,12
bonython,1144
boodua,94
boogan,36
bookara,17
booker bay,555
bookham,80
bool lagoon,10
boolarra south,10
boolboonda,15
boolgun,1
booloolah,14
booloumba,13
boomahnoomoonah,2
boomanoomana,30
boomi,118
boomi creek,6
boonanarring,4
boonarga,1
boondall,2926
boondoola,2
boonoo boonoo,2
boonoonar,1
boonooroo park,3
booragul,775
boorganna,3
boorie creek,22
booroobin,20
boorool,5
booroorban,22
boorowa,741
boorowa north,7
boort,494
boortkoi,2
bootawa,20
bootooloo,7
booval,1491
booyal,82
booyong,67
borah tank,3
borallon,101
boralma,8
borambil,6
borden,85
boreen point,274
borenore,146
borlands,1
boronia heights,1387
boronia park,28
boronia west,101
borrika,36
bossley park,3155
botany,2775
botobolar,16
boulder,2285
boulia,96
boundary bend,59
bourke,1039
bournda,2
bouvard,107
bovell,47
bow hill,178
bowan park,1
bowen hills,431
bowen mountain,448
bowenvale,47
bower,19
bowhill,2
bowling alley point,5
bowman farm,6
bowmans creek,5
bowning,203
bowral,3876
bowser,11
box creek,1
box hill south,2488
boxwood hill,16
boyanup,491
boydtown,3
boykambil,1
boyland,37
boyne island,1330
boyup brook,420
bracalba,2
bracewell,30
brackendale,2
bracknell,183
braddon,1262
bradfords,21
brady creek,1
bradys marsh,4
braemar,77
braidwood,883
bramfield,4
bramston beach,92
brandon,421
brandy creek,38
branxton,936
branyan heights,6
brawboy,6
bray,51
bray park,2660
brays creek,26
brayton,39
breakaway creek,33
breakfast creek,12
breakfast point,1
bretti,2
brewarrina,423
briaba,35
briar hill,636
bribie island,851
brickport heights,3
bridge creek,21
bridgeman downs,1953
bridgetown north,56
bridgewater,2562
brierfield,103
brigadoon,127
brighton,13664
brighton beach,131
brighton-le-sands,2947
brightwaters,310
brimpaen,37
brinawa,1
bringalbert south,19
bringalily,42
brinkin,351
brinkley,45
brisbane,1719
brit brit,4
brittons swamp,13
broadbeach waters,2320
broadford,1272
broadlands,16
broadmarsh,81
broadmeadows,5193
broadsound,4
broadwater,964
broadway,5
brocklehurst,106
brockley,1
brockman,162
brodies plains,5
brogo,200
broken hill,8401
brombin,32
bronte,1637
bronte park,53
bronzewing,2
brookdale,542
brooker,26
brookfield,1460
brookhill,3
brooklet,94
brooklyn,897
brooks bay,9
brooks road,2
brookside centre,1
brookvale,937
brooloo,96
broome,1802
broomehill village,48
broomehill west,6
broomfield,43
brooweena,119
broughton,52
broughton vale,40
broulee,740
brovinia,2
brown hill,373
brown mountain,1
brucedale,35
brucknell,54
bruie plains,21
brundee,30
brunkerville,54
brunswick heads,791
brunswick south,1
brunswick west,4812
brush creek,22
bruton,10
bruxner park,2
bryden,9
brymaroo,41
buangor,70
bucasia,1152
bucca,110
bucca wauka,25
buccan,309
buccarumbi,12
buccleuch,2
buchan point,22
buckajo,23
buckaroo,16
buckendoon,10
buckingham,14
buckland,66
buckleboo,41
buckley swamp,1
buckrabanyule,38
buddina,1769
budgee budgee,13
budgewoi,2211
budgong,28
buff point,1173
buffalo,108
buffalo river,54
bugaldie,52
bugle ranges,41
builyan,41
bukalong,4
bukkulla,32
bulart,40
bulby brush,15
bulga road,1
bulgandramine,7
bulimba,1778
bull creek,2863
bulla creek,9
bullaburra,378
bullarook,42
bullarto,63
bullengarook,238
bullfinch,27
bulliac,13
bullioh,47
bullock hill,1
bullsbrook,1078
bullumwaal,5
bullyard,153
bulwer,23
bumbaldry,33
bumberrah,11
bumberry,3
bunbartha,147
bunbury,5571
bundaberg,14741
bundaberg dc,2
bundaberg east,154
bundaberg north,442
bundaberg south,88
bundaberg west,171
bundaburrah,21
bundaleer north,30
bundalong,272
bundamba,1810
bundanoon,943
bundarra,317
bundeena,775
bundgeam,6
bunga,12
bungan head,3
bungarby,28
bungaree,113
bungawalbin,50
bungawalbyn,5
bungeet,28
bungonia,206
bungowannah,66
bungwahl,138
buninyong,1030
bunjurgen,22
bunnaloo,42
bunning park,2
bunya mountain,35
bunyah,61
bunyip,698
bunyip north,9
burakin,30
buranda,293
burdekin,1
burdett,45
burges siding,1
burgowan,1
burinegeel,5
burkes flat,4
burketown,63
burleigh centre,3
burleigh heads,3842
burleigh waters,4476
burnett heads,748
burnewang,2
burnie,2722
burns,111
burns creek,4
burnside,1561
burnt yards,15
buronga,363
burpengary,4530
burpu,2
burra creek,291
burraboi,23
burraga,82
burragate,48
burrandana,3
burraneer,307
burrell creek,125
burren junction,212
burringbar,361
burrum heads,465
burrundulla,2
burtundy,2
burua,44
burwood,11141
burwood east,3664
busby,1083
busbys flat,1
bushland beach,427
butchers ridge,5
bute,251
butler,81
buttai,14
buxton,688
buxtonville,127
byabarra,122
byaduk,76
byaduk north,53
byford,1097
bylong,46
byrill creek,2
byrock,21
byrrill creek,9
c,2
cabanandra,1
cabarlah,291
cabbage tree island,7
cable beach,730
cabramatta,6478
cabramatta west,910
cadney park,1
cadoux,32
caffreys flat,7
cainbil,2
cairns,2854
cairns bay,12
calare,95
calca,35
calcium,38
caldermeade,43
calderwood,4
calen,189
calga,36
calico creek,44
calimo,8
calingiri,132
calista,636
callaghan,2
callala bay,711
callendale,1
callignee,116
callignee north,21
callignee south,7
callington,203
calliope,1007
calomba,3
caloola,20
caloundra west,86
calrossie,5
caltowie,75
cambell town,51
camberwell south,1
camboon,1
cambooya,428
cambridge,412
cambridge gardens,293
cambridge hills,10
cambroon,9
camden,2981
camden downs,20
camden south,733
cameby,4
camellia,4
camena,8
camerons pocket,7
camira,2743
camira creek,8
camooweal,49
camp hill,4136
camp mountain,270
campaspe west,26
campbell town,343
campbellfield,1438
campbells bridge,10
campbells forest,17
campbells hill,34
campbelltown,6423
camperdown,3628
campsie,6614
campwin beach,200
cams wharf,23
canadian,27
canadian lead,3
canaga,1
canary island,4
canbelego,19
candelo,337
cangara,4
caniambo,50
canley heights,2068
canley vale,2965
cann river,140
canna,16
cannie,6
canning vale dc,1
cannon creek,1
canobolas,69
canterbury,4867
canton beach,111
canyonleigh,151
cape barren island,15
cape burney,109
cape clear,107
cape cleveland,10
cape hillsborough,1
cape jervis,109
cape naturaliste,49
cape paterson,494
cape river,2
cape schanck,192
cape tribulation,70
capeen,5
capels crossing,3
capertee,98
captains flat,225
carabooda,139
caragabal,87
caramut,125
carapooee,40
carapook,8
caravan head,1
caravonica,193
carbeen,1
carbine creek,3
carboor,55
carboor upper,1
carbunup,1
carbunup river,37
cardiff,2645
cardiff heights,353
cardiff north,10
cardigan,219
cardigan village,4
cardinia,110
careel bay,56
careunga,5
carey gully,174
carina heights,1458
carine,2340
caringbah south,9
carlingford,7239
carlingford north,1
carlsruhe,82
carlton river,48
carlton south,4
carmoo,1
carnamah east,21
carnamah west,27
carnarvon gorge,1
carnegie,5752
carnes hill,13
carneys creek,21
caroda,25
carole park,421
caroline springs,1121
caron,3
carpenter rocks,114
carrajung south,13
carranballac,22
carrara,3649
carrawobitty,7
carrick,205
carrols creek,10
carron,1
carrs island,3
carruchan,13
carrum,2097
carss park,332
carters ridge,55
cartmeticup,24
cartwrights hill,12
carwarp,41
cascades,5
cashmere,709
cashmore,30
casino,3809
cassilis,140
cassowary,52
castaways beach,46
castella,38
castle cove,861
castle creek,1
castle donnington,2
castle forbes bay,61
castleburn,2
castlecrag,1055
castlemaine,3105
castlereagh,311
castletown,353
castra,13
castra upper,26
casuarina,337
casula,3211
catalina,308
catani,103
catherine hill bay,93
cattai,210
catterick,2
caulfield,2776
caulfield east,108
caulfield north,4684
caveat,20
caves beach,1462
cawarral,297
cecil hills,1085
cecil park,194
cecil plains,280
cedar creek,284
cedar pocket,120
cedar vale,216
cedarilla,13
cedarton,11
cedarvale,4
ceduna,772
cement mills,18
centenary park,6
centennial park,1213
central colo,1
central macdonald,11
central mangrove,81
central tilba,120
central wattagan,4
cervantes,314
cessnock east,41
cessnock south,69
chadwick,20
chaffey,10
chain valley bay,768
challenger,1
chandler,297
chandlers hill,91
chapman hill,19
chapple vale,18
charbon,39
charity creek,10
charlestown,4710
charleyong,5
charleys forest,9
charlottes pass,1
charlton south,1
charlton west,5
charlwood,33
charmhaven,862
charra,1
chartwell,14
chasm creek,27
chatham,209
chatsbury,12
cheepie,16
cheero point,2
chelmsford,14
chelsea heights,1593
cheltenham east,5
chepstowe,14
cherbourg,126
chermside bc,1
cherry gardens,202
cherrybrook,5420
cherryville,53
cheshunt,130
chesney vale,20
chester hill,2993
chetwynd,48
chevron island,434
chewko,27
chewton,288
childers,1248
chillagoe,90
chillingham,209
chillingollah,7
chiltern,608
chiltern south,4
chiltern valley,5
chilverton,12
chinchilla,1948
chinkapook,33
chisholm,1719
chittaway bay,300
chittaway point,647
chittering,130
chiverton,14
chowerup,3
christie downs,1714
christies beach,1829
christmas creek,25
chudleigh,80
circle valley,23
civic square,4
clackline,187
clapham,551
clare,1607
claremont meadows,158
clarence park,1004
clarence point,82
clarendon,384
clarendon vale,260
clarenza,89
clareville,773
clareville beach,11
clarinda,468
clarke,1
clarkefield,91
clarkes hill,24
clarkson,1577
claude road,1
clayfield,4212
claymore,888
clayton,7347
clear lake,46
clear mountain,200
clearview,1089
clemton park,44
clergate,51
clevedon,23
cleveland,4751
cliftleigh,68
clifton,724
clifton creek,73
clifton gardens,226
clifton grove,207
clifton park,293
clifton springs,2381
clinton heights,1
clontarf beach,3
closeburn,188
clothiers creek,54
clovelly,2186
clover flat,2
clover hill,3
cloverdale,2327
cloverlea,53
cloyna,45
cluan,2
clumber,23
clyde,271
clydebank,60
coal point,636
coalbank,13
coalcliff,76
coaldale,25
coalville,42
coasters retreat,6
cobains,44
cobaki,43
cobar,1654
cobaw,27
cobbadah,21
cobbora,23
cobdogla,128
cobungra,20
cockaleechie,42
cockatoo valley,169
cockburn,15
cocklebiddy,1
coconut grove,796
coconuts,42
codfish creek,3
codjatotine,11
codrington,40
coffee camp,43
coffs harbour,9352
coffs harbour jetty,1
cogra bay,11
cohuna,1240
coimadai,26
colac,4050
colac west,2
coldstream,781
coleambally,695
colebatch,43
colebee,3
coledale,441
coleyville,45
colinroobie,33
college grove,249
college park,243
colletts island,3
collie,2973
collinsvale,206
collinswood,536
collombatti,91
colmslie,1
colo heights,105
colo vale,498
colonel light gardens,1082
colston park,112
comara,24
comaum,3
combara,19
combienbar,9
comboyne,220
come by chance,31
comet,117
como,7291
comobella,2
compton,162
conargo,78
concongella,17
concord,4492
concord west,2117
condah,79
condamine,170
condell park,2507
conder,1323
condon,1309
condong,375
condong range,9
congarini,13
congee,16
congewai,57
congo,72
coniston,663
conmurra,54
conmurra south,3
connellys marsh,27
connewarre,166
connewirrecoo,9
connolly,1139
conondale,307
conway,95
coober pedy,764
coobowie,142
coochiemudlo island,339
coodanup,1007
cooeeimbardi,2
cooinda heights,57
coojar,20
cook,1299
cookamidgera,62
cookardinia,41
cooke point,22
cookernup,124
cooks hill,1634
cooktown,710
coolabunia,75
coolah,536
coolalinga,5
coolamon,746
coolaroo,1941
coolbellup,1796
coolongolook,112
cooloolabin,28
cooloongup,2327
cooltong,102
coolum beach,3041
coolum heights,2
cooma,3225
coomalbidgup,49
coomallo,27
coomba,295
coombabah,3133
coombe,23
coomboona,27
coomera,951
coominglah,39
coonabarabran,1532
coonalpyn,193
coonamble,1448
coonawarra,315
coondoo,13
coopers shoot,38
cooplacurripa,4
coorabell,149
coorabie,34
cooran,467
cooranbong,1541
cooranga north,44
coorong,19
coorooman,4
coorow,108
coorow west,31
cooroy,2179
cootharaba,61
cooya beach,200
copeville,25
copmanhurst,196
cora lynn,72
coradjil,1
coral bank,68
coral bay,38
coral cove,23
coralville,16
coramba,274
corangula,1
cordalba,212
cordeaux heights,249
cordelia,72
cordelia estate,8
corella,24
corfield,31
corindi,71
corio,5161
corlette,1192
corndale,98
cornish town,1
cornwall,26
coromandel east,60
coromandel valley,1461
coromby,4
corona,2
corop,47
corowa,2479
corrigin,391
corrigin west,12
corrimal,3146
corrimal east,644
corrowidgin,15
corryong,671
corunnun,13
cosgrove,27
cosgrove south,11
cotswold hills,99
cottage point,53
cotter dam,3
cottles bridge,173
cougal,11
countegany,6
courabyra,23
couridjah,75
courtenay,4
coutts crossing,445
cow bay,75
cowabbie,5
cowal creek,4
cowan,200
cowan cowan,34
cowell,447
cowirra,27
cowley,100
cowpastures,3
cowra,4073
craboon,5
crace,1
crafers,912
crafers west,117
craigie,2085
craiglea,11
craigmore,2539
cranbourne,6414
cranbourne north,1511
cranbourne west,425
crayfish creek,36
crediton,34
creek junction,5
creek view,9
cremorne,6352
cremorne junction,1
crescent head,658
cressbrook,5
cressy,550
crestmead,1211
creswick,1152
crib point,898
croft estate,1
croftby,39
croki,19
cromarty,2
cromer,2498
cromer heights,247
cronin island,12
cronulla,8415
crooked river,16
crookwell,1139
crossdale,26
crosshill,3
crosslands,24
croudace bay,134
crowlands,44
crows nest,2983
crowther,33
croxton,8
croydon north,1277
crudine,18
crymelon,23
cryna,17
crystal brook,667
crystal creek,77
cuballing,183
cudal,304
cudgegong,4
cudgera creek,77
cudgewa,120
cudgewa north,4
cudmirrah,139
cue,104
culbin,7
culburra,849
culburra beach,658
culcairn south,1
culgoora,12
culgowie,43
cullenbone,10
cullerin,11
cullulleraine,41
cumbijowa,15
cumnock,215
cundinup,28
cundle flat,5
cundletown,830
cungulla,149
cunnamulla,702
cunningham,50
cunninyeuk,17
curanup,3
curban,46
curdies river,8
curl curl,722
curra,316
currajong,990
curramanga,2
currambine,1736
curramulka,147
currans hill,1120
currawarna,71
currie,440
currimundi,2037
currimundi lakes,11
currumbin beach,1
currumbin heights,6
currumbin valley,405
curtis island,38
curyo,23
cuthbert,28
cuttabri,15
cuttagee,13
cygnet,652
cygnet river,102
cynthia,1
cytherea,1
daandine,29
dagun,65
dahlen,2
daintree,125
dairy flat,9
daisy hill,1954
dajarra,18
dalbeg,33
dalby,4415
dale river,54
dallachy,2
dallak,2
dalma,34
dalmore east,1
dalveen,88
dalyston,108
dalyup,51
dandaragan west,25
dandenong north,4305
dandongadale,1
dangar island,153
dangin,46
dangore,5
dapto,5785
daradgee,108
darawank,19
darbalara,21
darbys falls,77
dardadine,12
darebin,3
dareton,519
dareton east,1
dargan,30
dark corner,11
darke peak,69
darlimurla,23
darling downs,224
darling harbour,12
darling heights,205
darlington,2079
darlington point,411
darlow,16
darnley island,29
darnum,239
dartmoor,179
dauan island,13
davenport,12
daveyston,18
davis park,3
davistown,1003
daw park,1053
dawes,12
dawesville,875
dawson,9
dawsons hill,16
dawsons siding,3
day trap,1
dayboro,636
daylesford,1442
daymar,23
deagon,1307
deakin,1279
dean,64
dean park,762
deddington,24
dederang,117
deep creek,15
deep lead,30
deepdale,41
deepdene,3
deepdene dc,5
deepwater,227
deer park,4474
deer park east,11
deer vale,37
delacombe heights,1
delamere,96
delaneys creek,135
delburn,12
delegate river east,1
delevin,7
delungra,310
demondrille,2
denham,246
denham beach,5
denhams  beach,1
denhams beach,216
denial bay,50
deniliquin,3649
denistone east,538
denmark,1511
denmark hill,7
dennington,199
dennis,5
depot beach,30
depot hill,10
derri derra,54
derrinallum,225
derrymore,13
derwent park,148
detention,6
detpa,1
deua river vally,2
deuchar,25
devereux creek,30
devon park,309
devonport,6628
dewars pool,4
dewhurst,16
diamond head,32
diamond valley,7
diamondy,15
dianella,7596
dickson,810
diggers rest,651
dignams creek,25
dilpurra,30
dilston,204
dimboola,783
dimbulah,308
dingo beach,152
dinner creek,1
dinner plain,125
dirnaseer,18
dirranbandi,319
distillery creek,8
dixie,26
dixons creek,131
djarawong,13
djugun,174
dobies bight,41
dobroyd point,50
docker,28
doctors flat,4
dohles rocks,3
dolans bay,322
dollar,23
dolls point,682
dolo,14
dolphin heads,125
dolphin sands,39
domain,2
don,146
doncaster dc,1
doncaster heights,3
dondingalong,161
dongara,651
dongolocking,25
donnelly river mill,2
donnybrook,1250
donvalley,55
dookie,173
dookie college,12
doolandella,679
doolbi,13
doon doon,53
dooralong,162
dora creek,637
dorrigo,753
dorrigo north,88
doubleview,2812
doubtful creek,27
douglas park,400
douglas point,1
dover,364
dover gardens,821
dover heights,1439
dowerin,233
dowlingville,16
downer,1400
downlands,40
dows creek,13
doyalson,132
doyalson north,4
doyles creek,8
drapers siding,10
dreeite,31
drildool,2
drillham,94
dripstone,32
dromana,2748
dromedary,170
dromedary upper,1
drouin east,67
drummartin,1
drummond,150
drummond cove,171
drummond north,36
drumsleed,13
drung drung,35
drung drung south,6
drysdale,1176
duaringa,173
dubbo west,4
duchembegarra north,1
duchess,5
duckinwilla,8
ducklo,13
ducks ridge,1
dudinin,47
dugandan,11
dulacca,115
dulcot,62
dulguigan,50
dululu,66
dulwich hill,5270
dumaresq,42
dumaresq island,12
dunalley,179
dunbars creek,1
dunbogan,404
dunbulbalane,12
duncraig,5402
dundarrah,3
dundas valley,856
dundathu,16
dundee downs,20
dundonnell,31
dundowran,555
dungarubba,17
dungog,1215
dunheved,6
dunk island,2
dunkeld,352
dunmora,19
dunmunkle,20
dunnrock,2
dunnstown,95
dunoon,273
dunrobin,28
dunrock,7
dunsborough,1335
duntroon,107
dunwich,343
dural,1953
duramana,94
duranbah,115
durdidwarrah,3
duri,243
duroby creek,6
durras lake,32
durras south,171
durrumbil,6
dusodie,2
dutchmans bay,17
dutson,12
dutton,35
dutton park,614
duval,31
duverney,2
dwellingup,299
dyers crossing,159
dynnyrne,605
dyraaba creek,9
dysart,1145
eagle farm,13
eagle heights,929
eaglehawk,2847
eaglemont,559
earlston,1
east botany,27
east branxton,61
east burnie,4
east busselton,10
east comboyne,2
east deep creek,45
east evelyn,3
east fremantle,2749
east gordon,74
east gresford,207
east guyong,46
east haldon,7
east hills,897
east innisfail,390
east kempsey,1
east launceston,767
east mackay,241
east maitland,3901
east melbourne,1872
east newport,1
east preston,717
east prospect,8
east rockingham,24
east roseville,418
east ryde,755
east shelbourne,25
east sydney,1016
east wahroonga,1
east wardell,21
eastern creek,261
eastern heights,1284
eastgardens,14
eastville,17
eastwood,7011
eaton,2313
eatons hill,1731
ebden,93
echuca east,84
echuca west,63
echunga,469
ecklin south,76
eddington,50
eden,1293
eden hills,1076
edenhope,532
edensor park,1933
edgecliff,1309
edgewater,1567
edi,6
edi upper,47
edinburgh airfield,27
edith river,1
edithvale,2103
edmondson park,45
edward river,20
edwards find,1
eel creek,2
egg and bacon bay,40
eglinton,625
eight mile creek,54
eight mile plains,3527
eimeo,914
einasleigh,47
ekibin,259
el arish,293
elaine,143
elands,108
elanora heights,1592
elbow valley,46
eldnar vale,4
eldorado,183
eleebana,1955
elermore vale,1762
elgin,54
elimbah,900
elingamite,19
elingamite north,8
elizabeth beach,63
elizabeth field,7
elizabeth grove,773
elizabeth park,1091
elizabeth south,896
elizabeth vale,1258
ellalong,275
ellam,20
ellaswood,50
elleker,162
ellen grove,553
ellenbrook,1708
ellendale,86
ellesmere,55
elliminyt,591
ellinbank,87
elliott,170
elliott heads,351
elmgrove,2
elong elong,81
elphin,9
elrington,50
elsmore,70
elsternwick,4698
elwood,6920
embleton,867
emerald,5700
emerald beach,701
emerald rise,4
emmaville,256
emmerton park,9
empire bay,825
empire vale,78
emu bay,47
emu downs,27
emu park,1143
emu plains,3350
emu point,200
endeavour,10
eneabba,112
englefield,1
enoggera,2282
ensay,97
ensay north,4
epsom,707
erica,124
erigolia,12
erindale,406
erindale centre,2
ermington,2939
ernabella,38
ernest,447
errowanbang,1
erskine,689
esperance north,125
essington,17
ethelton,529
eton north,43
ettalong,1413
ettamogah,17
etty bay,10
euberta,47
eucla,18
eudlo,461
eudunda,446
eugenana,57
euleilah,1
eulo,40
euluma,5
eumundi,1010
eungai creek,146
euramo,132
eurelia,7
euri creek,7
eurobodalla,31
euroley,18
eurong,11
evandale,1041
evans head,1238
evansford,48
evanston,529
evanston gardens,298
evanston heights,53
eveleigh,6
evelyn central,71
everard,72
everard park,461
everton,106
everton upper,20
ewingsdale,280
ewington,16
exeter,1161
exmouth,765
exton,51
facing island,9
fadden,1060
failford,226
fairbanks,9
fairdale,11
fairfield east,29
fairfield gardens,1
fairhaven,309
fairholme,10
fairlawn,53
fairlight,2551
fairy dell,13
fairy hill,127
fairymead,13
falcon bay,1
falmouth,56
far beach,3
far meadow,35
farleigh,346
farley,56
farmborough chase,4
farnborough,115
farnsfield,30
farrell flat,95
farrer,1343
fassifern,212
fassifern valley,7
feluga,136
fennell bay,547
fentonbury,24
ferguson,92
fern tree,259
fernbrook,29
ferndale,1732
fernmount,94
fernside,12
ferny creek,507
ferryden park,890
ficks crossing,1
field,20
fifield,49
fig tree creek,16
fig tree pocket,1058
figtree,3137
finch hatton,197
findon,1931
findon creek,5
fine flower,1
fine flower creek,29
fingal head,225
finke,13
firle,498
firthside,1
fish creek,373
fish point,7
fisher,1288
fishermans bay,38
fishermans paradise,175
fishers creek,1
fishery falls,41
fishing point,411
fiskville,5
fitzgeralds mount,6
fitzroy crossing,189
fitzroy falls,99
fivebough,1
fladbury,4
flagstaff hill,2863
flagstone creek,136
flaxton,358
flemington,3061
fletcher,281
flinders bay,103
flinders lane,1
flinders naval depot,1
flinders park,1562
flora hill,692
floraville,378
floreat,2582
floreat forum,1
florey,1715
florida,51
flowerdale,421
flyers creek,1
flying fish point,177
flynns creek,3
flynns creek upper,6
foleys creek,2
forbes,3183
forbesdale,6
forcett,204
forest,221
forest creek,3
forest glen,127
forest grove,111
forest hill,4176
forest lakes,1
forest lodge,400
forest south,39
forestdale,606
forester,1
foresthome,5
forge creek,42
formartin,27
forrest,585
forrest beach,49
forrestfield,3794
forreston,114
forsayth,49
forster keys,81
forth,331
fortitude valley bc,1
foster north,84
fosterton,9
foulden,5
four mile beach,65
four mile creek,76
fowlers gap,1
fox valley,1
foxdale,9
frankford,61
franklin,274
franklin south,22
franklin village,8
frankston,18856
frankston heights,6
fraser,739
fraserview,1
frazers creek,1
freeburgh,58
freemans reach,630
freemantle,1
freestone,105
fregon,11
french island,24
french park,2
frenches creek,1
frenchman bay,46
frenchs forest,4546
freshwater,807
friday island,2
frog rock,1
frogs hollow,1
frome downs,13
fromes creek,3
fruitgrove,92
fullarton,1519
fumar,2
fumina,8
fumina south,6
fyansford,62
gabbin,25
gabbin north,18
gaffneys creek,10
gailes,578
gainsford,7
gairdner,59
gala vale,6
galaquil,4
galaquil east,1
galba,20
galston,1009
ganbenang,1
ganmain,317
gannawarra,53
gapsted,59
gapuwiyak,14
garah,176
garbutt,871
garden island,7
garden island sands,5
garden lakes,1
gardiner,6
garfield,465
garland valley,1
garners beach,9
garran,1174
gatakers bay,1
gatum,1
gaven,1566
gawler belt,180
gawler east,1190
gawler river,192
gawler west,347
geelong east,2090
geelong mail centre,3
geelong south,604
geelong west,2944
gemalla,11
gembrook south,1
gemfields,41
geneva,153
geographe,852
georges heights,7
georgica,91
geraki,40
geraldton,2301
geranium,69
german town,2
gerogery,194
gerogery west,25
geurie,345
gherang,32
ghinni ghi,10
ghoolendaadi,3
ghost hill,2
gibson,130
gibsonvale,3
gidgegannup,759
gidgell,8
gidginbung,34
giffard,22
giffard west,6
gil gil,2
gildora,7
gilgooma,7
giligulgul,3
gillenbah,4
gillieston heights,311
gillingarra,32
gillman,24
gilmore,972
gin gin,959
gingin,453
gingin west,96
giralang,1257
girgarre,254
girgarre east,6
girilambone,81
girralong,2
giru,357
gladstone bc,2
glamis,1
glanville,256
glaziers bay,48
glen alice,32
glen boughton,6
glen eden,77
glen elgin,25
glen forbes,64
glen huon,186
glen innes,2764
glen morrison,13
glen thompson,19
glen warrin,5
glen william,44
glen wills,1
glenaladale,32
glenarbon,6
glenaroua,62
glenbrook,1592
glenburn,136
glencoe west,4
glendale,1121
glenden,446
glendevie,29
glendon,19
glendonbrook,76
glendorf,64
gleneagle,189
glenelg south,735
glenella,555
glengarry,632
glengowrie,2021
glenhaven,1659
gleniffer,88
glenisla,18
glenlee,39
glenleigh,8
glenlusk,62
glenlyon,228
glenmaggie,149
glenmore park,4049
glenmorgan,80
glenning valley,388
glenora,13
glenormiston,1
glenquarry,96
glenreagh,262
glenridding,5
glenrock,15
glenside,1045
glenthompson,171
glenthorne,56
glenugie,54
glenvale park,3
glenview,234
glenwood,2972
glossop,297
gnangara,322
gnotuk,31
gnowangerup,334
gnowellen,18
gobur,16
gocup,32
godfreys creek,17
godwin beach,128
goegrup,4
gogango,64
gogeldrie,24
gol gol,376
golconda,16
golden bay,593
golden grove,2480
golden heights,42
golden valley,69
goldfields,14
goldsborough,1
gollan,26
gonn crossing,10
goobarabah point,1
gooburrum,78
good forest,16
goode beach,55
goodna,2081
goodnight,48
goodooga,92
goodwood,1611
goodwood island,23
googong,8
goolhi,8
goolmangar,172
goolwa north,35
goolwa south,20
goomalibee,63
goomalling,284
goomaram creek,8
goombi,32
goomboorian,201
goomong,1
goondah,5
goonellabah,4406
goongarrie,1
goongerah,24
goonumbla,54
gooramadda,3
goorambat,174
goorianawa,6
goornong,200
gooroc,4
gooroolba,26
goovigen,116
goowarra,1
gordonvale,1824
gore,6
gore hill,1
gormandale,131
gormans hill,2
gorokan,3857
goschen,4
gosford dc,1
gosford east,1709
gosford south,1
goshen,39
gosse,70
goulbourn island,17
goulburn weir,7
gould creek,20
gournama,1
gowanbrae,132
gowanford,2
gowrie,1095
gowrie little plains,2
gowrie mountain,65
gowrie park,10
goyura,4
graball,15
gracetown,129
graceville,1502
graceville east,3
gradule,1
gradys creek,11
grafton west,1
grahams creek,13
grahams valley,7
grahamstown,12
grantham,364
granville,5418
granville harbour,5
granya,42
grass flat,25
grass patch,47
grass tree hill,15
grass valley,98
grassdale,15
grassmere,152
grassy,49
grassy head,30
grassy spur,4
gravesend,145
grawin,27
grawlin,4
gray,988
graytown,31
gre gre,12
gre gre south,5
great bay,17
great mackerel beach,84
great sandy strait,2
green head,159
green hills,91
green pigeon,29
green range,31
greenacre,6641
greenacres,762
greenbushes,224
greenbushes north,1
greendale,302
greenfield park,916
greenhill,148
greenland dam,2
greenough south,15
greens beach,151
greens creek,56
greensborough,8206
greenview,10
greenwich park,7
greenwith,2516
greenwood,3518
gregadoo,21
greghamstown,6
gregory,26
gregory river,8
grenfell,1235
grenville,34
gresford,117
gretna,83
griffin,115
grindelwald,132
gringegalgona,24
gritjurk,2
groper creek,19
grosvenor,5
grove creek,9
gruyere,217
guerilla bay,73
guilderton,207
gulargambone,366
gulfview heights,66
gulmarrad,75
gulnare,60
gum scrub,34
gumdale,338
gumlow,1
gunalda,216
gunamalary,2
gunbarwood,1
gunbower,262
gundagai,995
gundary,6
gundillion,35
gundowring,56
gundy,72
gungahlin,65
gungaloon,2
gunn,403
gunpowder,72
gununa,43
gunyerwarildi,2
gurgeena,4
gurley,120
guthega,1
guyra,1039
guys hill,71
gwambygine,55
gwandalan,1089
gwindinup,8
gwynneville,893
gymbowen,47
gymea bay south,3
gympie dc,2
hacketts gully,14
hackham,1337
hackham west,1814
hackney,218
hacks ferry,1
haddon,427
hadspen,815
hahndorf,1060
haigslea,127
halbury,80
halekulani,58
half tide beach,80
halifax,274
halls creek,166
hallsville,171
hamberger,1
hambledon,5
hambledon heights,8
hamilton,9337
hamilton north,144
hamilton park,9
hamilton plains,10
hammondville,713
hampden,25
hampshire,14
hampstead gardens,420
hampton north,1
hannaford,47
hannam vale,120
hannans,161
hansonville,48
hanwood,477
harbord,3926
harcourt,423
harden,879
hardwicke bay,72
hardys bay,184
harford,24
harkaway,251
harlin,55
harmers haven,17
harparary,1
harrami,15
harrington,804
harris park,1642
harrismith,32
harristown,409
harrogate,103
hart,9
hartley,189
hartleys creek,6
harvey creek,3
harveys siding,16
harwood,26
harwood island,126
haslam,18
hastings,2295
hat head,172
hatherleigh,91
havelock,14
havenview,153
havilah,1
havilah north,1
hawkesbury heights,121
hawkesdale,144
hawkins creek,35
hawkinston,1
hawks nest,843
hawksburn,5
hawkwood,12
hawthorn,9915
hawthorne,1747
hay,1325
hay point,107
hayanmi,1
hayborough,454
hayes,26
hayman island,3
hazel park,11
hazelbrook,1485
hazeldean,36
hazelgrove,28
hazelvale,10
hazelwood,75
hazelwood north,490
hazelwood park,703
hazelwood south,78
hazledean,1
heartlea,2
heath hill,34
heathcote junction,202
heathcote south,18
heathfield,295
heathmere,190
heathpool,202
heavitree gap,1
hebden,15
hebel,26
heckenberg,735
hectorville,1291
helena valley,856
helens hill,23
helens plains,3
helensburgh,1686
helidon,485
hellyer,53
hellyer beach,31
hemmant,755
hendra,1435
henley,149
henty,560
herberton,412
hermidale,74
hermit park,1456
hernani,57
hernes oak,48
heron island,1
herrick,22
hervey range,72
hesket,73
hester,12
hewetsons mill,3
hexham,133
heybridge,145
heydon heights,5
heywood,798
hibbard,2
high camp plain,1
high range,154
highbury,2140
highclere,50
highett,3610
highfield,1
highgate,1467
highlands,39
highton,5114
hill end,480
hill top,674
hillier,227
hillman,645
hillman river,2
hillsborough,230
hillside,2142
hillston,626
hilltop,3
hilltown,44
hillville,57
hillvue,66
hinchinbrook,2027
hinchley,3
hindleton,2
hindmarsh,112
hindmarsh west,537
hinkler heights,3
hinton,139
hirstglen,27
hivesville,75
hmas harman,2
hobartville,189
hobbys yards,29
hocking,612
hoddle,3
hoddles creek,220
holden hill,1465
holgate,283
hollisdale,13
hollow tree,12
hollydeen,4
hollywood,13
holmwood,10
holsworthy,1163
holt rock,30
holts flat,1
homebush,2002
homebush bay,128
homecroft,8
homeleigh,31
homerton,15
homestead,34
hope forest,124
hope harbour,5
hope vale,93
hope valley,2591
hopefield,23
hopeland,48
hopelands,16
hopetoun,639
hopevale,18
hopkins creek,5
hoppers crossing,10309
horn island,74
horse ridges,5
horsfield bay,161
horsham forward,1
horsley,278
hoskinstown,229
howards grass,2
howatharra,62
howell,1
howes creek,13
howqua,95
hughes,1245
humbug scrub,21
hume,19
hummock view,17
hummocks south,21
humpty doo,1449
hunter,12
hunter springs,16
hunterston,12
hunterton,1
huntfield heights,385
huntingdon,22
huntingwood,2
huntleys point,62
huntly north,2
huon,66
huonbrook,107
huonville,832
hurlstone park,1566
hurstbridge,1176
hurstville south,1561
hut creek,1
hyams beach,143
hyde park,1293
hyden,138
hyden north,8
hydes creek,18
hyland park,100
ideraway,4
ilford,110
ilfracombe,121
ilfraville,3
illabarook,21
illabo,112
illawarra,9
illowa,101
iluka,1589
image flat,12
impadna,4
inala east,1
inarlinga,1
indented head,449
indigo upper,3
indigo valley,48
ingham,2328
ingleba,29
ingleburn,4564
ingleside,268
inglewood,3115
ingliston,4
ingoldsby,22
inkerman,85
inkpen,3
inman valley,144
innaloo,2394
innes estate,16
inneston,8
innisplain,51
innot hot springs,108
inverbrackie,51
inverdon,1
inveresk,30
invergordon,254
invergowrie,245
inverleigh,362
invermay,1567
inveroona,2
ipswich north,1
iredale,29
iron baron,3
iron knob,91
ironbank,116
ironbark,42
irongate,44
ironpot,3
irrewarra,112
irrewillipe,80
irvinebank,65
irvingdale,40
irwin,48
irymple,1628
isaac river,24
isabella,13
isla plains,5
island beach,45
island plantation,8
isle of capri,412
islington,633
isseka,25
ivanhoe,4800
ivanhoe east,699
ivanhoe north,233
iveragh,15
jacana,355
jackalass,2
jackson,49
jacobs well,404
jaffa,3
jaggan,40
jalbarragup,53
jallumba,1
jaloran,12
jamberoo,665
jambin,87
jamboree heights,1105
james creek,4
james well,29
jamestown,751
jan juc,1398
jandowae,568
jangardup,1
japoonvale,53
jardee,35
jardine,13
jarklin,12
jarra creek,17
jarrahmond,17
jarrahwood,12
jarvisfield,119
jaunter,2
jeeralang,46
jeeralang junction,113
jellat jellat,21
jembaicumbene,10
jennacubbine,80
jennapullin,7
jenolan caves,22
jeogla,13
jerona,33
jerrabomberra,1830
jerrara,23
jerrawa,51
jerseyville,44
jervois,93
jesmond,1038
jewells,283
jibberding,19
jiguma,1
jillaga,2
jimaringle,2
jimbour,111
jindalee,1844
jindivick,204
jindong,30
jingellic,48
jingili,577
jingymia,18
jitarning,4
joel joel,17
johns river,131
johnsonville,152
jolimont,498
jones hill,79
jones island,25
joondalup,2279
joondanna,1995
josephville,26
joskeleigh,6
joslin,456
joyner,471
jubilee pocket,366
judbury,120
judds creek,6
jugiong,106
julatten,322
julimar,112
jumbuk,18
jumbunna,34
junction village,15
jundah,66
junee,1507
junee reefs,43
jung,48
jung north,2
junortoun,450
jurien,355
jurien bay,182
jurocken,17
kaarimba,1
kadnook,18
kahibah,971
kaimkillenbun,129
kains flat,1
kainton corner,2
kalamunda,2442
kalannie,74
kalapa,46
kalaru,224
kalbar,530
kalbarri,494
kalbeeba,88
kaleen,2618
kalgan,98
kalgoorie west,11
kalka,1
kalkaringi,4
kalkee,36
kallista,546
kaloorup,5
kalorama,513
kalpowar,33
kamerunga,246
kamona,2
kancoona,27
kandos,599
kangaloon,101
kangaloon east,22
kangarilla,321
kangaroo flat,3131
kangaroo flat west,8
kangaroo lake,4
kangiara,28
kangy angy,71
kanimbla valley,17
kaniva,492
kanyan,7
kanyapella,6
kapaldo,16
karalee,934
karanja,13
karara,62
karawinna,21
kardella,77
kardella south,27
kardinya,3077
kareela,1169
karingal,139
kariong,1933
karkoo,30
karloo,212
karoola,152
karoonda,235
karrabin,99
karragullen,117
karrakatta,5
karramomus,8
karratha,1959
karratha town centre,1
karridale,131
karuah,472
karween,1
katamatite,211
katandra north,2
katandra west,219
katanning west,43
katherine,2364
katinka,4
katoomba south,9
katyil,36
kawana island,2
kawana waters,74
kawarren,75
kawungan,204
kayena,86
keajura,21
kearney springs,11
kebaringup,7
kedron,3710
keilor,1966
keilor east,4637
keilor lodge,28
keilor park,672
keinbah,57
keiraville,1168
keith hall,25
kellalac,7
kellerberrin,408
kellys beach,15
kellyville,4821
kelmscott,3660
kemblawarra,98
kemps creek,544
kempsey,3475
kendall,472
kenilworth,381
kenmare,20
kennedys creek,25
kennett river,60
kennington,362
kentish,1
kenton valley,65
kentucky,110
kentucky south,16
kentville,54
kenwick,1542
keon park,380
keppoch,76
kerang east,12
kermandie,3
kerrie,52
kerrs creek,25
kerrydale,21
keswick,266
kevington,21
kewell north,1
keysborough,4612
khancoban,185
kia ora,74
kiah,62
kialla,1283
kialla east,138
kialla west,51
kiama heights,230
kiara,496
kiata,13
kickabil,19
kidaman creek,4
kiels mountain,67
kiewa,121
kikoira,30
kilcoy,948
kilcunda,158
killabakh creek,105
killara,3663
killawarra,145
killcare heights,182
killoe,7
kilmany,76
kilmore,1488
kilsyth,4358
kilsyth south,457
kimba,415
kimbolton,15
kin kin,256
kinalung,1
kinchela creek,78
kincumber,3005
kindee,33
king ash bay,7
king river,241
king scrub,1
kingaroy,3554
kingaroy bc,2
kinglake,581
kinglake central,15
kinglake east,8
kinglake west,361
kings cross,765
kings park,1513
kingsdale,6
kingsford,5566
kingsthorpe,575
kingston,7903
kingston beach,636
kingston-on-murray,145
kingstown,37
kingsville,234
kingsville south,85
kingsway west,1
kinimakatka,3
kinkabilla,2
kinross,1726
kintore,9
kioloa,123
kippax,1
kirkham,51
kirra,825
kirrawee,3328
kirribilli,1745
kirwan,6076
kirwins bridge,10
kitchener,119
klemzig,2013
klondyke,1
knebsworth,1
knockrow,92
knoxfield,2428
knuckeys lagoon,1
koah,98
koala park,53
koallah,14
kobyboyn,40
kodj kodjin,24
koetong,20
kogan,83
kogarah,4505
kojaneerup,18
kojarena,34
kolan north,10
kolodong,25
kolora,78
kommamurra,16
komungla,30
kondinin,151
kondut,20
kongal,40
kongolia,59
konongwootong,24
koo wee rup,698
koojan,28
koolkhan,18
kooloonong,14
koombal,1
koongal,274
koongamia,316
koonibba,47
koonunga hill,18
kooragang island,1
kooralgin,21
koorawatha,168
kooreh,4
koornalla,30
kooyong,312
koppamurra,10
korbel,3
korbelka,38
koree island,1
koroit,681
korong vale,102
korora,767
korrine,17
korumburra south,19
korunye,17
kotara,1141
kotara heights,114
kotara south,692
kotta,44
koumala south,1
kowanyama,73
kowbi,4
kowguran,7
kowrowa,5
koyuga,128
kulde,6
kulikup,37
kulin,196
kulin west,21
kulnura,254
kulwin,7
kumbia,183
kundibakh,11
kunghur,70
kungurri,12
kunioon,8
kununurra,1212
kunwarara,34
kuraby,1453
kurmond,256
kurraca,1
kurraca west,1
kurrajong heights,456
kurri kurri,2052
kurwongbah,275
kuttabul,207
kwinana beach,1
kwinana town centre,2
ky valley,26
kyabram,2936
kyabram east,4
kyabram west,1
kyalite,56
kyancutta,39
kybeyan,12
kybong,93
kybunga,40
kyeemagh,288
kyle bay,222
kyneton north,5
kyneton south,19
kyneton west,5
kynuna,17
kyogle,1502
kywong,2
la grange,1
laanecoorie,98
laang,26
labertouche,140
labrador,5898
laburnum,10
laburnum park,2
lachlan,182
lackrana,22
ladys pass,1
laggan,133
laheys creek,18
lajamanu,39
lake barrine,50
lake bathurst,44
lake bennett,3
lake bonney,2
lake cargelligo,630
lake cathie,946
lake charm,77
lake clarendon,144
lake clifton,209
lake conjola,373
lake cowal,3
lake eacham,117
lake eppalock,29
lake gardens,123
lake grace,264
lake grace north,19
lake haven,494
lake heights,1096
lake hindmarsh,1
lake hinds,8
lake illawarra,815
lake innes,26
lake kara,2
lake macdonald,39
lake manchester,3
lake marmal,24
lake mokoan,1
lake moodemere west,3
lake munmorah,1535
lake nash,3
lake oconnor,19
lake powell,4
lake rowan,61
lake tyers,118
lake tyers beach,186
lake view,10
lake weyba,5
lake wyangan,179
lakemba,5397
lakes creek,15
lakes entrance,2365
lakeside estate,1
lakewood village,95
lal lal,90
lalbert road,12
lalla,26
lalor,5814
lalor park,2276
lamb island,183
lambells lagoon,13
lambs creek,28
lambton east,37
lamington,624
lammermoor,184
lanark,3
lance creek,65
landcross farm,1
landsborough,1160
landsborough west,13
landsdale,1108
lane cove west,236
lanefield,27
lang lang,539
langdons hill,41
lange,32
langi kal kal,1
langshaw,58
langville,2
langwarrin south,14
lankeys creek,5
lannercost,39
lanreef,1
lansdowne,280
lansvale,697
lapoinya,44
lara west,1
laravale,95
lardner,39
largs,377
largs north,1138
lark hill,5
larnook,102
larpent,79
larras lee,54
larrimah,9
latrobe,1276
lauderdale,1035
laughtondale,5
launceston south,1699
launching place,937
laurieton,1560
lauriston,80
lavarack barracks,5
lavender bay,134
laverton,3768
laverton north,87
laverton raaf,1
laverton south,481
lavington,6014
lavington east,4
lawitta,63
lawloit,7
lawrence,384
lawson,900
le roy,2
learmonth,193
leda,632
ledge point,147
lee point,2
leeman,223
leesville,2
leeton,3000
leeton north,39
leeville,90
legume,66
leichardt,10
leichhardt,7892
leichhardt range,4
leighton,3
leinster,341
leitches creek,1
leith,157
lemana junction,21
lemnos,166
lemon springs,8
lemon tree passage,970
lemongrove,188
leneva,45
lennard brook,23
lennox head,2424
leonards hill,1
leongatha,2287
leongatha south,147
leppington,719
leslie,1
leslie manor,24
leslie vale,107
lethbridge,239
leumeah heights,69
levenstrath,2
lewis ponds,60
lewiston,598
lexia,4
leyburn,154
leycester,45
licola,14
lietinna,17
lilli pilli,950
lillian rock,147
lillico,19
lillicur,3
lillimur,50
lillimur south,4
lilliput,1
lilydale,5135
lilydale north,12
lima,36
lima east,41
lima south,36
limeburners creek,84
limestone,14
limonite,1
limpinwood,61
linburn,15
lincoln cove,3
lindendale,50
lindenow south,71
lindfield,3683
lindum,181
linley point,103
linthorpe,10
linton,249
linville,65
liparoo,4
lipson,63
lisdillion estate,3
lismore,4935
lismore south,336
litchfield,27
little billabong,12
little cove,1
little grove,522
little hampton,5
little jilliby,3
little mountain,1206
little mulgrave,64
little plain,19
little river,395
little swanport,67
littleton,8
liverpool bc,3
liverpool creek,3
livingstone,1
llanarth,28
llandilo,438
llanelly,25
llangothlin,37
loamside,15
lobethal,792
loch,246
lochaber,53
lochend,5
lochiel,112
lochlea,2
lockhart,539
lockhart river,63
lockington,363
lockleys,1938
lockwood,273
lockwood south,166
lockyer,175
lockyer waters,155
loddon vale,2
loddon vale lower,1
loftus,1540
loftville,6
logan,33
logan central,91
logan city,7
logan reserve,346
logandale,6
loganholme,2739
loganlea,1806
logie brae,12
londonderry,885
lonesome creek,1
long beach,310
long flat,73
long island,3
long jetty,2300
long plains,31
long point,11
longford creek,2
longreach,1482
longwarry north,43
longwood east,16
loomberah,169
loorana,15
lorn,513
lorquon,53
lottah,1
louisa creek,66
louth bay,97
lovedale,47
loveday,181
low head,214
lower acacia creek,3
lower beechmont,263
lower belford,86
lower botobolar,5
lower broughton,1
lower chittering,193
lower coldstream,7
lower lawrence,1
lower light,50
lower longley,63
lower mitcham,797
lower mount hicks,18
lower nudgee,1
lower sandy bay,90
lower templestowe,4471
lower tully,105
lower waukivory,6
lower wilmot,32
lower wonga,81
lowesdale,43
lowood,942
loxton north,305
lubeck,29
lucknow,313
lue,104
lulworth,52
lumeah,32
lunawanna,59
lune river,19
luscombe,90
lutwyche,1081
lyall,1
lymwood,51
lynbrook,190
lynchs creek,18
lynd range,6
lyndale,15
lyndon,1
lyonville,71
lyra,2
lyrup,147
lysterfield,813
ma ma creek,54
maaroom,84
mabuiag,2
macaulay,1
macdonald park,125
macedon,664
macgillivray,54
macgregor,3039
machans beach,381
mackay delivery centre,1
mackay harbour,31
mackay north,3099
mackay south,503
mackay west,1
mackenzie,391
macknade mill estate,3
macks creek,12
maclean,1527
macleans bridge,5
macleay island,704
macleod west,125
macmasters beach,649
macquarie centre,7
macquarie fields,3387
macquarie park,378
macquarie plains,17
macrossan,6
macscove,47
maddingley,23
madora,296
magill,2993
magitup,15
magnetic island,108
magnolia,22
magpie,65
magra,181
maida vale,1244
maiden gully,810
mailer flat,94
maindample,50
mairjimmy,19
maison dieu,14
maitland,1674
majestic heights,2
major plains,8
majorca,83
majors creek,117
makin,5
makowata,3
malabar,1418
malbina,14
maldon,815
mallacoota,559
mallala,408
mallawa,19
malling,2
malvern,5072
malvern east,6686
mambourin,1
mambray creek,32
manar,22
manchester square,3
mandalong,121
mandogalup,38
mangles,2
mangoola,4
maningrida,99
manly east,4
manly vale,2092
mannering park,864
mannibadar,35
manning point,118
mannum,1182
mannus,44
mansfield,4637
mansfield park,914
manton,1
mantuan downs,1
manuka,41
manunda,2039
manyana,296
manypeaks,115
manyung,8
marananga,28
marayong,2309
marbellup,1
marburg,335
march,78
marcollat,29
marcus beach,503
marcus hill,74
mardale,45
mardan south,5
mardella,69
marengo,109
margaret river,2047
maria river,1
maribyrnong,1672
marion,1431
marion bay,89
marks point,776
markwell,59
marlee,93
marleston,640
marlo,259
marlow lagoon,74
marmadua,5
marmion,787
marmong point,257
marmor,55
marnoo,99
marom creek,40
maroona,65
maroota,189
maroota south,162
marrabel,48
marradong,1
marrar,182
marrara,444
marrawah,103
marraweeney,6
marree,32
marrickville south,2
marryatville,230
marsden,3614
marsfield,4586
marshall,353
marshall mount,25
marshdale,16
martindale,55
martinsville,135
marulan,376
marvel loch,148
maryborough,10634
maryborough west,3
maryvale,144
maslin beach,364
maslins beach,9
mataranka,60
mater hill,6
mathiesons,1
mathinna,69
mathoura,392
matlock,7
matong,92
matraville,3186
matta flat,3
matthews creek,8
maude,102
mawbanna,49
mawson,1291
maxwell,50
maya,10
maya east,19
maydena,102
mayers flat,21
mayes estate,7
mayfield,4438
mayfield west,523
mayne,3
mcalinden,17
mcbeath,6
mccullys gap,45
mcdowall,2053
mcewans beach,64
mchughes creek,5
mcintosh creek,6
mcintyre,12
mckail,381
mckees hill,63
mckenzies hill,8
mckillop,6
mckinnon,1669
mckinnons,1
mclaren flat,423
mclaren vale,1382
mcleans ridges,200
mcloughlins beach,37
mcmahons creek,54
mcmahons point,1194
mcmahons reef,22
mcmillans,27
mcminns lagoon,101
mcphersons crossing,15
mead,30
meadow creek,14
meadow flat,71
meadow springs,1063
meadows,539
meander,109
medea cove,2
medina,791
medindie gardens,95
meeleebee,4
meerlieu,61
megalong,37
megan,60
melbergen,1
melbourne university,1
meldrum,2
melinga,26
melton south,2556
melville,2067
melville island,38
melwood,9
memerambi,67
menangle,239
mendel,21
menindee,278
meningie east,29
mentone,5474
mentone east,10
mepunga,93
mepunga east,8
merbein south,222
mercunda,2
meribah,17
meridan plains,1
merilup,5
meringa,91
meringandan,414
meringo,21
meringur,61
merino,155
merkanooka,37
mermaid waters,3716
mernda,255
meroo,3
merran,3
merricks,167
merricks beach,62
merricks north,214
merrijig,253
merrimac,1335
merrivale,3
merriwagga,82
meru,9
methul,26
metung,589
mewburn park,1
miami,2748
miandetta,60
miandetta park,42
miaview,30
micalo island,1
michelago,143
mickleham,131
miclere,5
middle arm,3
middle dural,180
middle pocket,15
middle tarwin,29
middleton,639
middleton beach,229
midge point,202
midgenoo,9
midginbil,24
midland,1488
midlorn,2
midvale,548
midway point,879
miena,118
miga lake,13
mighell,22
mil lel,73
milang,292
milawa,287
milbrodale,33
milbrulong,39
mildura south,166
mildura west,5
mile end south,6
milendella,2
miling,55
mill park,7643
millbank,204
millbrook,50
miller,912
millers forest,114
millers point,196
millfield,241
millgrove,561
millie,3
millingandi,63
millmerran,744
milloo,1
millstream,6
millthorpe,392
milltown,11
milman,43
milman north,6
milnes bridge,1
milora,7
milperra,1456
miltalie,29
milvale,31
mimili,13
mincha,32
minchinbury,1209
mindaribba,28
mingela,38
minimay,49
mininera,40
minjilang,19
minlaton,507
minmi,211
minnamoolka,12
minnie water,135
minore,38
minto,3248
minyip,331
miram,15
mirboo east,2
mirboo north,846
miriam vale,269
mirra view,2
mirrabooka,2166
mirriadool,3
mirrimbah,24
mitcham,6527
mitcham north,2
mitchellstown,4
mitta mitta,101
mittagong,2350
moa island,40
moama,1685
moana beach,11
modbury,1823
modbury heights,1814
moe,4325
moe east,2
moe north,1
moe south,58
moffat beach,559
mogareeka,1
moggill,497
moggs creek,115
moglonemby,7
mogriguy,38
moina,11
mokine,11
molangul,3
moleton,11
moliagul,39
molka,4
mollongghip,41
molloy,35
molloy island,58
molong,904
mon repos,10
mona park,70
mona vale,3821
monarto south,24
monash park,2
monbulk,1267
mondrook,26
monduran,12
mondure,52
monegeetta,71
monga,5
mongarlowe,61
monjebup,9
monkland,57
monkoora,31
monogorilby,28
monomeith,17
mons,30
monsildale,4
mont albert,1494
montacute heights,2
montagu,88
montagu bay,273
montana,31
montefiores,1
montgomery,5
montmorency,3293
monto,781
moobi,1
moodiarrup,54
moodlu,31
moolboolaman,27
mooloolaba,3853
moolort,15
moombra,1
moonah west,1666
moonan flat,53
moondarra,19
moonee,200
moonie,79
moonies hill,25
moonmera,17
moonta,804
moonyoonooka,103
moorabbin,4224
moorabool,28
moorak,210
moore,81
moores pocket,87
moorilda,1
moorilim,3
moorina,78
moorine rock,29
moorland,255
moorlands,35
moormbool west,11
moorook,172
moorooka,3672
mooroolbark,6697
mooroopna north,30
moorowie,5
moparrabah,31
mopo,4
moranbah,2386
moranding,2
morans crossing,33
morawa,248
morawa east,6
morawa north,13
morawa south,20
mordialloc east,1
moree,4026
moree east,3
moreland,1
morella,4
moresby,270
morgan,314
morganbury,1
morgantown,30
morganville,11
morgiana,7
morisset east,24
morisset park,155
morongla creek,14
morpeth,519
morphettville,1165
morquong,18
mortlake,870
morton vale,1
mortons creek,6
morundah,56
moruya,1829
morven,198
morwell,5459
mosman,10031
mosquito point,5
moss vale,2816
mossiface,46
mossman,867
mossy point,307
mothar mountain,163
moto,9
moulyinning,35
mount adrah,8
mount alford,94
mount annan,1649
mount archer,14
mount arthur,1
mount barker junction,3
mount beaumont,32
mount beauty,500
mount best,30
mount bindango,4
mount bruno,3
mount bryan,60
mount buffalo chalet,1
mount buller,291
mount bute,29
mount camel,10
mount clarence,108
mount colah,2380
mount colliery,20
mount coolon,28
mount cooper,1
mount cottrell,40
mount crosby,342
mount damper,26
mount dandenong,398
mount david,37
mount dee,1
mount direction,68
mount druitt village,2
mount eccles south,3
mount eliza,5877
mount elliot,40
mount evelyn,2835
mount fairy,28
mount forbes,1
mount foster,1
mount frome,7
mount gambier east,4
mount gambier west,5
mount glorious,132
mount gravatt,4007
mount gwynne,12
mount hardey,22
mount helen,644
mount hope,41
mount horeb,14
mount hutton,1104
mount isa,4967
mount isa east,7
mount jukes east,17
mount julian,124
mount knowles,7
mount kynoch,36
mount larcom,196
mount lion,6
mount low,482
mount macedon,581
mount madden,53
mount marrow,17
mount marshall,41
mount martha south,3
mount mary,6
mount mee,202
mount melville,211
mount mitchell,2
mount moriac,87
mount murchison,13
mount murray,10
mount nathan,203
mount nelson,983
mount ommaney,699
mount ossa,74
mount parry,3
mount pelion,27
mount perry,192
mount pleasant,4924
mount ramorne,2
mount rascal,8
mount rivers,25
mount riverview,906
mount rowan,116
mount royal,10
mount rumney,70
mount samson,75
mount seaview,3
mount seymour,35
mount sophia,10
mount spencer,1
mount stuart,725
mount sturt,3
mount tarampa,153
mount thorley,26
mount torrens,237
mount tyson,159
mount victoria,384
mount walker south,14
mount walker west,3
mount warren park,1620
mount wedge,4
mount white,106
mountain creek,1007
mountain creek estate,293
mountain view,71
moura,928
mourilyan,470
mourilyan harbour,8
moutajup,61
mowbray heights,127
moyhu,221
moyreisk,2
moyreisk north,2
moyston,152
muchea,277
muckleford,108
mudjimba beach,35
muirlea,19
muja,2
mulbring,195
mulgrave east,7398
mulgundawa,2
mullaloo,1958
mullalyup,39
mullaway,271
mullenderee,1
mullengandra,56
mullet creek,21
mullewa,207
mullingar,64
mullion creek,147
mullumbimby,1961
mullumbimby creek,31
muluckine,14
mulwala,882
mulyandry,23
mumballup,30
mumbil,110
mummell,1
munbura,65
mundaring weir,2
mundawadra,9
mundine,4
mundingburra,1518
mundiwindi,1
mundoolun,24
mundulla,184
mungery,6
munna,5
munno para,527
munno para downs,29
munno para west,153
munruben,690
munster,978
muntham,46
muradup,56
murarrie,985
murchison,452
murchison east,14
murchison north,27
murdinga,1
murdoch,854
murgon,1034
muronbung,5
murphys creek,221
murrabit,162
murray bridge,5561
murray island,47
murray upper,107
murrays bridge,6
murrays flats,2
murrays run,14
murrell creek,6
murrindal,7
murrindindi,50
murrumba,3
murrumbateman,765
murtoa,440
murwillumbah south,51
muscle creek,16
musgrave hill,11
muskvale,29
mutchilba,111
mutdapilly,158
muttaburra,87
muttama,56
myall,48
myall lakes,1
myall vale,2
myalup,139
myamyn,24
mypolonga,239
myponga,245
myponga beach,3
myrniong,173
myrrhee,77
myrtle park,26
myrtleford,1536
mysia,19
mysterton,300
mystery bay,105
mystic park,82
myuna bay,4
nabawa,75
nabowla,61
nagoorin,32
nairibin,20
nairne,1166
nalangil,28
nalinga,13
nalyerlup,12
nambadilling,7
nambour,5211
nambour bc,1
nandi,26
nandowrie,11
nandroya,1
nanga,2
nangari,13
nangeela,6
nangetty,17
nangiloc,115
nangus,85
nanneella,147
nannup,429
nanum,1
nanutarra,4
napier,66
napoleons,166
napperby,151
napranum,14
nar nar goon,428
nar nar goon north,149
naracoopa,29
naracoorte,2624
naradhan,30
narellan,2353
narellan vale,639
narembeen,260
narembeen east,25
naremburn,1827
nariel,54
naringal,46
naroghid,20
narooma,1342
narra tarra,4
narracan east,9
narragon beach,6
narrandera,2044
narrawa north,2
narre warren east,113
narre warren north,1726
narrogin,1801
narrogin valley,16
nashua,95
nashville,61
natimuk,287
natone upper,31
nattai,17
nattai river,4
natte yallock,43
natya,24
naughtons gap,23
navarre,59
navigators,69
neales flat,36
nebo,280
nectar brook,5
nedgera,3
nedlands,4183
neerabup,149
neergabby,4
neerim,49
neerim east,50
neerim north,20
neika,65
nelangie,1
nelia,24
nelia gaali,4
nelson,287
nemingha,317
nerada,13
nerimbera,150
nerong,27
nerriga,78
nerrigundah,29
nerrin nerrin,28
nerrina,157
nerring,2
netherby,548
netherdale,24
netley,608
nevertire,118
neville,91
new angledool,9
new beith,74
new berrima,128
new farm,5085
new ground,2
new italy,2
new koreelah,4
new lambton heights,711
new lambton south,3
new mapoon,7
new mollyan,11
new moonta,9
new norcia,61
new residence,72
new town,2567
newborough,1876
newborough east,118
newbridge,180
newbury junction,4
newbys hill,1
newcastle,2283
newcastle university,1
newcastle west,137
newcomb,1981
newdegate,148
newee creek,90
newell,142
newham,199
newington,857
newlands arm,127
newlyn,108
newlyn north,12
newmarket,1830
newport waterways,24
newport west,1
newrybar,182
newstead,3261
newville,8
ngunnawal,3101
nhill,1109
niagara park,1116
niangala,70
nicholls,1809
nicholls rivulet,82
nickol,534
niemur,14
nierinna,6
nietta,31
nietta south,6
nightcliff,1879
nillahcootie,4
nindaroo,239
ninderry,56
nintingbool,8
ninyeunook,2
nipan,29
noarlunga downs,798
nobby,189
noble park,10760
noble park north,730
nollamara,2532
nomans lake,28
nome,278
noonbinna,23
noorakool,8
noorinbee,26
noorlah,2
noorong,1
noosa parklands,107
noosa river heights,10
noosa valley,15
nora creina,7
noradjuha,31
norah head,462
normanhurst,1927
normanton,250
normanville,434
normanville heights,37
nornalup,50
norong central,33
north aramara,11
north arm,170
north beach,1250
north bega,2
north bondi,2402
north boyanup,4
north cleveland,2
north collie,5
north curl curl,1281
north engadine,53
north george town,7
north gregory,143
north haven,2854
north hobart,1057
north kirra,36
north lakes,28
north lismore,130
north maclean,305
north mossman,6
north motton,144
north narrabeen,1626
north pindimar,2
north pinjarra,111
north plantations,39
north rocks,2601
north ryde,5598
north st ives,227
north sydney,3692
north tamborine,596
north turramurra,1122
north ward,1959
north warriewood,2
north werribee,1
north yelta,27
northampton,479
northbank,5
northbridge,2562
northcliffe,309
northcliffe east,25
northcote south,5
northdown,49
northern heights,6
northgate,1697
northlands,1
northmead,2791
northville,1
northwood,377
norton summit,164
norwood,4234
notting hill,184
nowa nowa,107
nowendoc,49
nowergup,52
nowra,3739
nowra west,3
nubba,2
nubeena,258
nudgee,689
nudgee beach,86
nug nug,8
nukarni,3
nullagine,25
nullarbor,1
nullawarre,126
nullica,3
numbaa,46
number one,5
numbugga,46
numeralla,155
numinbah valley,46
nunawading,4947
nunga,1
nungarin,100
nungurner,118
nuriootpa,1910
nutfield,44
nutgrove,3
nyah,333
nyah west,211
nyamup,40
nyerimilang,11
nymagee,41
nyora,411
o b flat,210
o bil bil,2
o'briens hill,5
o'connor,2186
o'malley,262
o'sullivan beach,705
oak flats,2155
oak park,1757
oakden,1156
oakdowns,46
oakey,1502
oakey creek,6
oakey flats,6
oakhurst,1189
oaklands junction,61
oaklands park,1354
oakleigh,5046
oakleigh east,646
oaks beach,1
oaks bridge,2
oaks estate,123
oakview,7
oakville,542
oakwood,145
oaky creek,1
oasis gardens,1
oatlands,1515
oberne creek,6
obi obi,74
officedale,2
olary,6
old bar,1438
old beach,827
old erowal bay,338
old grevillia,12
old guildford,466
old junee,89
old koreelah,20
old reynella,244
old toongabbie,1246
oldaker park,1
oldbury,92
oldina,37
olinda,635
olivers hill,1
oman-ama,27
ondit,40
one mile,75
one mile beach,7
onslow,132
oodla wirra,10
ooma,5
oonoonba,428
oorindi,2
orama,4
oran park,1
orange,12222
orange springs,7
oranmeir,2
orbost,1114
orchard hills,661
orchid beach,6
orchid valley,57
ord,56
orelia,1313
orford,498
orielton,98
orkabie,26
ormeau,1469
ormesby,26
ormond,3118
ormond east,17
osborne,663
osborne park,1656
osbornes flat,48
osmaston,26
osmington,7
osterley,25
otago bay,80
otford,134
ottoway,708
oura,73
ourimbah,1491
outer harbor,1
outer harbour,8
outtrim,80
ovens,66
overland corner,1
ovingham,260
owanyilla,38
owens creek,7
owens gap,9
oxford falls,143
oxford park,162
oxley flats,3
oxley vale,477
oyster bay,1780
oyster point,1
ozenkadnook,34
pacific palms,375
pacific paradise,743
packers camp,6
paddington,8880
paddys flat,1
paddys plain,2
padstow,5185
padstow heights,362
page,1182
pakenham,4207
palana,22
palestine,2
palgarrup,6
palgarup,17
palgarup mill,20
palinyewah,58
pallamallawa,204
pallara,240
pallarenda,368
palm cove,391
palm creek,84
palm dale,2
palm grove,8
palm island,158
palm tree,4
palmer,99
palmer goldfield,5
palmer river,1
palmers channel,79
palmers island,155
palmers oaky,15
palmerston,2270
palmview,218
pambula beach,264
pambula south,103
pampas,23
pampas downs,7
pandora,4
pannawonica,217
panorama,866
panorama heights,2
pantapin,23
panton hill,344
panuara,15
pappinbarra,88
pappinbarra junction,1
papunya,8
para hills,2967
para hills west,920
paraburdoo,433
paradise beach,104
paradise island,20
paradise waters,521
parafield airport,47
paragon,4
paralowie,3733
parap,581
parawa,78
pardoe downs,2
parilla,62
paringa,441
paringi,7
park avenue,247
park holme,967
park orchards,1050
park ridge south,1
parkdale,2874
parkers corner,4
parkerville,584
parkes bay,10
parkesbourne,42
parkfield,8
parkinson,1577
parkridge,1
parkside,1929
parkville,1498
parkwood heights,2
parliament house,1
parmelia,1821
parndana,150
parndana east,5
parrakie,57
parramatta,4562
parramatta east,3
parramatta park,829
parryville,5
parsons beach,3
partington,21
parwan,52
pascoe vale south,2416
paskeville,112
pastoria east,12
pata,16
pateena,2
paterson,309
patersonia,34
patonga,151
patonga beach,80
patrick estate,14
patterson lakes,2221
patyah,2
pawngilly,38
paxton,234
paynedale,27
payneham,1049
paynes crossing,13
paynes find,12
peake,66
peakhurst,4246
pearce,1040
pearcedale,1230
pearl beach,468
pearshape,2
pearsondale,35
peats ridge,138
pechey,12
pee wee bend,2
peechelba,59
peel,100
peelwood,38
peeramon,125
pelaw main,282
pelham,17
pelican flat,56
pelican island,1
pelican point,164
pelican waters,384
pelton,30
pelverata,61
pemberton,576
penguin,1573
peninsula,10
pennant hills,2565
penneshaw,200
pennyroyal,33
penola,837
penong,81
penrith,6602
penrith park,1
penshurst,4298
pentland,151
peppermint grove,524
peranga,50
peregian beach,1450
perenjori east,28
perillup,32
perisher valley,24
peron,4
peronne,5
perouse,1
perponda,23
perth airport,1
perulpa island,3
perwillowen,14
petcheys bay,32
peterborough,967
peterhead,421
petermann,83
petersham,3260
petersham north,2
petersville,2
petford,12
petrie,2445
petrie terrace,242
pewsey vale,7
phillip,800
pialligo,84
piambong,30
piavella,4
pickering brook,190
picketts valley,18
picnic bay,164
picnic point,1983
picola north,1
picton,1293
pie creek,59
pier millan,6
piersons point,14
piggabeen,115
pilchers bridge,8
pillar valley,96
pimba,6
pimlico,1195
pimpama,404
pimpinio,87
pin gin hill,81
pindari hills,1
pindi pindi,22
pindimar,120
pine creek,178
pine lea,1
pine west,64
pinelands,10
piney range,27
pingelly,421
pingelly east,46
pinjarra,1079
pinjarra west,38
pinkawillinie,20
pinkenba,129
pinkett,45
pinklands,2
pinnacle,72
pinnaroo,407
pintharuka,2
pioneer,60
pipe clay bay,5
pipers bay,29
pipers creek,55
pipers flat,24
pipers river,141
piries,133
pirlta,7
pirrinuan,44
pirron yallock,54
pitt town,549
plainby,23
planland,417
pleasant hills,55
plenty,472
pleystowe,210
plumpton,2455
plumthorpe,3
plympton south,1584
point arkwright,73
point cartwright,17
point cook,797
point leo,77
point lonsdale,2016
point mcleay,11
point samson,90
point souttar,2
point turton,151
point vernon,1564
pola creek,6
police point,27
policemans point,14
polkemmet,7
pomborneit,88
pomeroy,23
pony hills,2
poochera,70
pooginagoric,22
poolaijelo,33
pooncarie,56
poonindie,15
pooraka,2277
poowong,236
poowong north,75
popanyinning,98
porcupine ridge,39
porongurup,114
port adelaide,460
port arthur,106
port augusta,3879
port broughton,614
port bundaberg,31
port campbell,206
port davis,1
port douglas,1277
port elliot,836
port fairy,1427
port franklin,70
port gawler,13
port germein,159
port kembla,1627
port kenny,63
port lincoln,5412
port macdonnell,484
port macquarie,15499
port neill,141
port noarlunga south,802
port pirie,5025
port sorell,665
port vincent,322
portarlington,1674
porters retreat,20
portland north,7
possum brush,20
possum creek,74
postmans ridge,14
potato point,84
potts point,3207
pottsville,732
pottsville beach,351
powers creek,6
powlett plains,20
powlett river,1
prahran east,219
prairie,94
premaydena,55
premer,57
prenzlau,80
preolenna,24
preston,8179
preston beach,109
preston south,8
preston west,1279
prestwood,1
pretty gully,13
pretty pine,2
prevelly park,11
primbee,551
primrose sands,378
propodollah,3
proserpine,1589
prospect,7707
prospect hill,68
prospect vale,438
proston,249
providence ponds,1
pucawan,20
puddledock,4
pullenvale,674
pulletop,36
pumicestone,1
pumphreys,41
pumphreys bridge,1
punchbowl,5677
purdeet,1
purga,188
purnim,121
purnong landing,38
purrumbete south,61
putney,959
putty,66
pyalong,188
pyengana,54
pygery,5
pymble,3922
pyramid,7
pyree,50
quairading,371
quambatook,163
quamby,12
quamby bend,4
quamby brook,36
quatia,1
queanbeyan dc,1
queanbeyan east,3
queens pinch,1
queenscliff,1918
queenstown south,4
queerbri,2
quellington,1
quialigo,68
quilpie,336
quingilli,1
quorn,518
raaf east sale,4
raby,1543
raceview,2298
radnor,2
raglan,517
railton,389
railway estate,1058
rainbow bay,7
rainbow beach,431
rainbow reach,25
rainworth,213
raleigh,184
ramornie,56
ramsgate,1208
ranelagh,260
ranga,24
rangari,2
ranken river,3
rankin park,938
rannock,31
ransome,111
rapid creek,744
rathdowney,202
rathscar,50
ravensdale,13
ravenshoe,842
ravenswood south,4
rawdon island,51
rawdon vale,24
rawlinna,3
rawsonville,71
raymond island,264
raymond terrace,4052
raywood,120
razorback,172
red banks,39
red bluff,21
red bobs,1
red camp,1
red gully,17
red head,21
red range,76
red rock,144
redan,114
redbank plains,2881
redbill point,1
redcastle,7
reddestone,9
redgate,31
redhead,1344
redhill,110
redmond,106
redpa,47
redridge,58
redwood,2
reedy flat,3
reefton,38
reekara,11
reeves,13
regency downs,135
regent west,14
regents park,3140
regentville,322
reid river,15
reidtown,13
reidy creek,33
relbia,219
remlaw,2
rendelsham,102
renmark south,1
renner springs,6
renown park,543
repton,281
reserve creek,30
reservoir east,369
retreat,7
revesby,4757
reynella,2888
rheban,1
rheola,42
rhyanna,2
rhymney reef,8
rhynie,59
rialto,11
riamukka,1
riana,135
rich avon west,2
richards mill,1
richardson,1021
richlands,245
richmond hill,236
richmond raaf,13
richmond west,268
ridgeway,55
ridgewood heights,3
ridgley west,38
ridleyton,350
rileys hill,39
ringtail creek,1
ringwood,7665
ringwood east,3552
ringwood north,2857
rio vista,90
ripley,338
ripplebrook,94
risdon park,315
risdon vale,789
rita island,64
riverhills,1224
rivermead,3
riverslea,45
riverstone,1782
riverwood,3627
rivett,1240
rixs creek,1
robertson,2275
robertsons beach,17
robina,6443
robina business centre,1
robinson,81
robinvale east,1
rochedale south,3421
rochester,1416
rochester west,6
rochford,21
rock flat,4
rock valley,89
rockhampton dc,2
rockingham park,66
rocklea,603
rockleigh,23
rocks crossing,5
rockton,10
rocky bay,4
rocky cape,92
rocky glen,37
rocky plain,19
rocky point,145
rodborough,1
rodd point,258
rodds bay,13
rodinga,21
roebuck,204
roger river,19
rogues point,17
rokeby,1219
roland,40
roleystone,1975
rollands plains,102
rolleston,182
rollingstone,106
rookhurst,42
ropeley,43
roper river,69
rosamel,1
rose bay,4796
rosebank,266
roseberry creek,4
rosebery,2718
rosebrook,68
rosebud,5669
rosebud south,196
rosedale south,2
rosehill,432
roselands,2654
roselea,1
roseneath,45
roses tier,1
rosetta,877
rosevears,190
rosewater,1133
rosewater east,1
rosewhite,60
rosny park,43
ross,171
ross creek,301
rossendale,3
rossglen,26
rossi,3
rosslea,584
rosslyn,2
rosslyn bay,1
rosslyn park,506
rossmore,535
rossmoyne,1165
rostrevor,2479
rostron,5
rotherwood,3
rothwell,1315
rottnest island,41
rouchel brook,7
roughit,8
round corner,367
round hill,42
rous,19
rous mill,69
rouse hill,1211
rowan,12
rowena,101
rowes bay,267
rowland flat,55
rowsley,63
rowville,8550
roxburgh park,2354
royal george,12
royal park,1001
ruabon,61
ruby,33
rudall,49
rudds gully,13
rules beach,2
runaway bay dc,1
rundle mall,8
rupanyup east,14
rupanyup north,7
ruse,1602
rushworth,693
russell heads,20
russell lea,835
russells bridge,10
ruthven,34
ryan,22
ryans brook,33
rydal,98
ryde,7822
rye,5329
ryhope,3
rylstone,616
rythdale,6
rywung,6
sabina river,8
sackville,58
sackville north,50
sackville reach,60
saddleworth,258
sadleir,762
sadliers crossing,384
safety bay,3081
safety beach,1769
saibai island,26
sailors falls,25
sailors hill,6
saint albans,139
sale,5426
salisbury,4555
salisbury east,3329
salisbury heights,1389
salisbury plain,365
salisbury south,16
salisbury west,16
salmon gums east,12
salt ash,381
salt creek,9
salter point,815
salter springs,13
samford,1004
samford valley,269
sampson flat,4
samson,695
samsonvale,270
san remo,2061
sancrox,48
sanctuary point,2536
sanderston,29
sandfly,176
sandgate,2165
sandhill,37
sandilands,66
sandleton,3
sandridge park,8
sandstone,34
sandy bay,4875
sandy hollow,86
sanger,3
santa teresa,11
sapphire beach,24
satur,197
saunders beach,164
savage river,4
savernake,38
scaddan west,33
scamander upper,12
scarborough,9912
scarness,1906
scarsdale,215
sceale bay,15
scheyville,2
scotia,7
scotland island,343
scotsmans lead,5
scott creek,89
scotts creek,115
scotts point,1
scottsdale west,26
scrubby creek,8
sea lake,355
seabird,67
seacliff,815
seacombe,4
seacombe heights,538
seaford meadows,2
seaford south,39
seaforth,2721
seaham east,79
seaspray,274
seaton,3511
seaview downs,1005
seaview heights,1
second valley,115
sedan,102
seddon,606
seddon west,383
seelands,238
sefton,1661
sefton park,426
segenhoe,19
selbourne,22
sellicks,17
sellicks hill,72
semaphore park,1665
semaphore south,350
separation creek,36
serene valley,3
serviceton,73
seven creeks,1
seven hills,6636
seven mile beach,462
seventeen mile rocks,617
severnlea,143
seville north,7
seymour,2749
seymour south,1
shackleton,42
shadforth,17
shalvey,937
shannon vale,25
shark bay,7
shark creek,1
sharon,370
sheans creek,4
sheep hills,11
sheffield,720
sheidow park,1361
shelbourne,73
sheldon,477
shell cove,293
shelley,1502
shellharbour,1742
shenton park,1475
shepherds siding,9
shepherdstown,1
shepparton south,10
sherbrooke,98
sheringa,16
sherwood,1858
shoal point,172
shoalhaven heads,1471
shoalwater,1203
shorewell,239
shorewell park,95
shorncliffe,653
shutehaven,1
sidmouth,158
sidonia,9
silkwood east,31
silky oak,16
silky oak creek,3
silver bridle,1
silverdale,804
silverleaves,17
silverwater,318
simpson,234
simson,7
sinagra,83
singleton heights,1571
sippy downs,1001
sisters creek beach,226
skenes creek,192
skennars head,33
skyrings creek,15
slacks creek,2763
sladevale,7
sleaford mere,31
sleepy hollow,10
slopen main beach,6
smiggin holes,10
smithfield,4693
smithfield heights,178
smithfield plains,697
smithfield west,11
smiths beach,155
smiths lake,456
smithtown,272
smoko,20
smoky creek,7
smythes creek,419
smythesdale,286
snobs creek,1
snowtown,278
snug,320
snuggery,1
sodwalls,24
sofala,78
solander,9
solanum,2
somers,841
somerset,1546
somerton park,2403
sommerville forrest,2
sorell,725
sorell creek,29
south arm,337
south bank,3
south belmore,179
south brisbane,996
south bruny,20
south bunbury,605
south casino,121
south grafton,2307
south gundagai,44
south gundurimba,65
south houghton,1
south johnstone,274
south kalkie,16
south kempsey,211
south kilkerran,35
south kumminin,16
south maclean,176
south melbourne,4587
south mount cameron,9
south nanango,63
south narrabri,1
south perth,5290
south stirling,4
south stradbroke island,38
south sunbury,1
south sydney,1
south turramurra,402
south wentworthville,1098
south west rocks,1724
south yarra west,1
south yunderup,475
southbank,1662
southbrook,265
southern brook,38
southern cross,392
southern river,314
southgate,61
southport business centre,1
southport west,1
southwood,5
sovereign islands,9
spalford,9
spearwood,3071
speddingup east,29
speed,48
speewa,22
speewa island,8
speewah,39
spencer park,946
spicers creek,18
spier,35
spit junction,32
splitters creek,26
spotswood,1437
spreyton south,114
spring beach,45
spring creek,43
spring farm,14
spring grove,77
spring hill,1697
springbrook,237
springdale heights,43
springdallah,3
springfield,1958
springmount,15
springvale south,2681
springwood,6246
springwood bc,3
square mile,4
st agnes,1428
st albans,13513
st andrews,2046
st andrews beach,34
st arnaud north,1
st aubyn,4
st clair,5157
st fillans,3
st georges basin,854
st georges basin east,13
st helens plains,26
st huberts island,481
st ives,5865
st james,1505
st johns hill,4
st johns park,1601
st johns wood,136
st kilda,9082
st kilda east,6343
st kilda road,12
st kilda road melbourne,40
st kilda west,398
st kitts,5
st lawrence,113
st lucia,3872
st peters,2178
staceys bridge,17
staghorn flat,31
stamford,19
stanage bay,4
stanborough,17
stanbridge,84
stanhope,475
stanhope gardens,394
stanhope south,5
stanley,434
stanley flat,12
stanmore,3059
stannifer,18
stannum,5
stanwell,91
stanwell park,506
staughton vale,17
stavely,9
steels creek,76
steiglitz,107
steinbrook,3
stenhouse bay,3
stephen island,5
stephens,1706
stephens creek,2
steppes,4
stewart,28
stewarton,7
stewarts brook,17
stewarts creek,1
stewarts heights,1
stewarts river,36
stieglitz,51
stieglitztown,4
stirling north,576
stockrington,17
stockton,1615
stockwell,89
stone hut,11
stone river,8
stonehaven,28
stoneleigh,15
stones corner,133
stoneville,773
stoney creek,14
stoney point,12
stoneyford,40
stonor,17
stony chute,40
stony pinch,1
stonyfell,394
storys creek,1
stotts creek,3
stradbroke,92
stradbroke island,15
strahan,295
stratford,1309
strath creek,103
strathalbyn,2159
strathallan,40
strathblane,45
strathbogie,177
strathcedar,24
strathdickie,155
stratheden,52
strathmerton,365
stratton,1004
strawberry hills,7
streatham,89
stretton,758
stroud,373
stroud road,70
struck oil,1
strzelecki,61
stuart,168
studfield,7
studio village,39
success,525
suffolk park,1245
suggan buggan,9
summer hill,2815
summerdale,4
summerholm,27
summervale,1
sumner park,5
sunbeam creek,1
sunny corner,53
sunnybank,3434
sunnycliffs,78
sunnyside,80
sunpatch,5
sunrise estate,179
sunset,146
sunshine,8517
sunshine acres,4
sunshine bay,15
sunshine beach,1552
sunshine north,2303
suntop,2
surat,320
surfers paradise,6272
surfers paradise bc,2
surges bay,25
surprise bay,2
surrey hills,4902
surry hills,6574
surveyors bay,6
sussex inlet,1622
sussex inlet south,12
sutherlands,11
sutton forest,180
suttontown,41
swan bay,203
swan hill,4119
swan hill north,2
swan point,40
swan reach,541
swan vale,26
swan view,2574
swanfels,34
swanpool,142
swansea east,9
swansea south,35
swanwick,33
sweet creek,1
sweetmans creek,23
swinger hill,170
sylvania,3983
sylvania north,2
sylvia vale,19
symmons plains,1
symonston,77
syndal,4
taabinga,10
tabacum,73
tabbita,25
tablelands,16
tabooba,2
tabor,39
tabourie lake,261
tabragalba,8
tabulam,217
tacoma north,1
tahmoor,1382
taigum,1348
tailem bend,715
takoko,5
takura,128
talawa,3
talgarno,54
tallai,815
tallandoon,14
tallangatta,611
tallawang,26
tallebudgera,924
tallebudgera valley,362
tallegalla,51
tallong,184
tallwood,18
tallwoods village,3
tallygaroopna,277
talmalmo,19
talofa,13
taloumbi,21
talwood,117
tamaree,27
tamarind gardens,19
tambar springs,101
tambellup,187
tambo,199
tambo crossing,8
tambo upper,105
tamboon south,19
tamborine,530
taminick,25
tamleugh north,7
tammin,137
tamrookum,25
tamworth west,4
tamwoy,10
tandarook,6
tandur,32
tangalooma,27
tangambalanga,174
tanglewood,10
tanilba bay,960
tanja,114
tanjil,2
tanjil east,14
tanjil south,197
tankerton,29
tanks corner,4
tannalo,12
tannum sands,1480
tannymorel,101
tantanoola,221
tantaraboo,3
tanwood,3
tanybryn,6
tapitallee,2
tapping,188
tara,833
taralga,323
tarampa,107
tarana,73
taranganba,44
taranna,73
tarban,133
tarbuck bay,35
tarcoon,1
tarcutta,219
tardun,19
taree,6124
taree dc,1
taren point,490
tarilta,3
tarin rock,32
taringa,3232
tarkeeth,1
tarlee,117
tarlo,40
tarnagulla,94
tarnma,15
tarnook,7
tarong,14
tarragindi,3221
tarraleah,7
tarranginnie,5
tarrawanna,591
tarwin,22
tarzali,129
tathra,928
tatong,134
tatura,1718
tatyoon,70
tawonga south,286
tayene,4
taylor square,1
taylors bay,48
taylors beach,236
taylorville,61
tea tree,2
tea tree gully,1128
teatree,132
tecoma,776
teddington,15
teddywaddy,1
teelba,18
teesdale,356
teewah,41
tegege,6
tekowai,88
telangatuk,40
telegraph point,358
telfer,43
telford,11
telina,106
telita,11
temagog,83
templars,27
templestowe west,1
tempy,42
tenby point,64
teneriffe,452
tennant creek,765
tennyson,1089
tent hill,32
tent hill upper,73
tepko,10
terania creek,6
terip terip,48
terowie,85
terranora,888
terrapee,2
terrey hills,1121
terrigal,4518
terry hie hie,22
terrylands,23
tewkesbury,25
texas,455
thabeban,84
thallon,110
tharbogang,135
tharwa,107
the basin,1422
the bight,5
the brothers,10
the chase,31
the dawn,81
the entrance,1832
the entrance north,392
the falls,16
the forest,51
the glebe,1
the gorge,6
the gurdies,180
the hill,5
the hummock,111
the lakes,49
the levels,1
the mullion,24
the narrows,192
the palms,79
the patch,379
the point,31
the range,4
the ranges,67
the retreat,2
the risk,24
the rock,509
the rocks,75
the sisters,71
the slopes,5
thebarton,579
theodore,1719
theresa creek,9
thinoomba,10
thirroul,2082
thistle island,13
thompson estate,1
thompson lake,3
thomsons brook,5
thoona,87
thoopara,2
thornbury,6930
thornlands,2435
thornleigh,2694
thornlie,6703
thorpdale,219
thougla upper,5
thoulcanna,3
thredbo valley,3
three springs,216
thrington,2
thuddungra,53
thumb creek,13
thuringowa,8
thursday island,707
thyra,5
tia,9
tiaro,276
tiddy widdy beach,114
tighes hill,646
tilbuster,80
tilley swamp,16
tilpa,20
timber creek,21
timbertop estate,7
timboon west,2
timbumburi,48
timmering,46
timmsvale,9
tin can bay,1140
tinamba,158
tinana south,59
tinaroo,113
tinbeerwah,163
tincurrin,44
tindal,2
tinderbox,79
tingalpa,2815
tingha,328
tingiringi,1
tintaldra,44
tintinara,258
tintinhull,11
tipperary,1
tipton,52
titania,1
tivoli hill,41
toft heights,11
togari,45
tol tol,12
tolga,792
tolland,406
tolmans hill,22
tolmie,159
tomakin,493
tombong,4
toms creek,5
tongala,841
tongala east,4
tongala north,3
tonganah,10
tongarra,9
tonghi creek,4
tooan,6
tooborac,119
toodyay,1063
toogoom,385
toolibin,2
toolijooa,33
toolleen,88
toolondo,38
toolong,67
tooloom,20
toomuc valley,1
toonpan,24
toonumbar,6
tooperang,60
toora north,17
toorak,5651
toorloo arm,103
toormina,1846
toothdale,22
tootra,25
toowong,4201
toowoomba,29127
toowoomba business centre,4
toowoomba city,8
toowoomba mail centre,4
toowoomba north,119
toowoomba south,261
toowoomba west,1
toowoon bay,419
top naas,10
top plains,1
topi topi,12
toronto,1954
torquay,5058
torrensville,1353
torres,4
torrington,59
torrumbarry,122
torryburn,9
tortilla flats,1
tostaree,10
tottenham,461
toukley,2259
towgon grange,2
townsend,148
towong,69
towradgi,1113
trafalgar,1323
trafalgar east,41
trangabah heights,10
tranmere north,1
traralgon south,161
travancore,54
trawalla,32
trawool,40
tremont,35
trentham,462
trevallyn,1596
trewilga,8
triabunna,399
trial bay,2
triangle flat,12
trida,15
trigg,1072
trinity park,248
trott park,908
trowutta,36
trungley hall,32
tuart hill,2616
tubbamurra,2
tubbul,34
tucabia,160
tuchekoi,78
tuckanarra,3
tucki tucki,33
tuckombil,79
tuerong,17
tuggerah,449
tuggeranong,9
tuggerawong,428
tulka,36
tullakool,36
tullera,80
tulloona,13
tully,1323
tully heads,155
tullymorgan,41
tullyvea,1
tumbarumba,891
tumbulgum,217
tumoulin,22
tungamull,171
tunglebung,27
tunnack,70
tunnel,14
tunney,23
tuntable creek,22
tura head,15
turee creek,1
turner,829
turners flat,40
turners marsh,74
turriff,25
tusmore,520
tutunup,8
tweed heads,3838
tweed heads south,2448
twin hills,11
two rocks,605
twyford,1
tyabb,952
tyagarah,127
tyalgum,289
tycannah,11
tylden,174
tyndale,64
tyndale central,4
tynong north,104
tyntynder,36
tyntynder central,24
tyntynder south,38
tyrendarra,147
tyrrel downs,2
uberin,9
ucolta,2
ulamambri,53
ulan,63
ulladulla,2347
ullswater,5
ulmarra,352
ultima,123
ulverstone,4113
ulverstone east,22
umbiram,7
umina beach,491
umina park,17
unanderra,2534
undalya,4
undera,190
underbank,24
underbool,129
undercliffe,84
underdale,695
upfield,34
uplands,5
upper barron,96
upper botobolar,4
upper bowman,21
upper brookfield,156
upper burringbar,51
upper chichester,9
upper coldstream,5
upper colo,33
upper coomera,1486
upper copmanhurst,13
upper don,1
upper duroby creek,5
upper freestone,13
upper gascoyne,42
upper gilston,3
upper haughton,4
upper hermitage,57
upper horton,46
upper kedron,472
upper macdonald,10
upper maffra,5
upper main arm,55
upper mongogarie,5
upper mulgrave,3
upper myall,23
upper pappinbarra,5
upper plenty,71
upper tooloom,6
upper wheatvale,7
upper widgee,44
upper wilsons creek,8
upper woodstock,2
upwey,2306
urana,235
urandangi,3
urangan,2706
urangeline east,15
uranquinty,296
urbenville,124
uriarra,5
uriarra forest,26
urila,2
urraween,163
urulgurra,3
useless loop,34
utakarra,286
uxbridge,9
vale of clwydd,1
vale park,756
valencia creek,49
valentine,1938
valentines estate,4
valla,314
valley downs,3
valley view,2048
varley,34
vaucluse,3452
vectis east,12
veitch,1
ventnor,489
venus bay,545
vermont,4291
vermont east,4
vermont hill,2
vermont south,3249
verona,17
verona sands,35
verran,26
verrierdale,149
vervale,33
veteran,58
victoria estate,30
victoria hill,5
victoria plains,26
victoria river downs,1
view bank,1579
villawood,2276
villeneuve,71
vincent,724
vincentia,1462
vinegar hill,1
vinifera,58
vista,338
viveash,244
voyager point,246
waaia,184
waare,4
wacol,281
wadalba,99
waddamana,4
wadeye,61
wagait beach,3
wagaman,591
wagant,2
wagerup,3
wagga wagga east,18
wagga wagga north,52
wagga wagga south,25
waggarandall,5
waggrakine,671
wagoora,57
wahgunyah,331
wahpunga,2
wahring,54
wahroo,4
wahroonga,5906
wai weer,3
wail,4
wairewa,27
waitchie,21
wakeley,836
wakool,148
walbundrie,85
waldergrave,1
walebing,19
walgett,883
walhalla,26
walkers point,9
walkerville north,1
walkley heights,328
wall flat,20
wallabadah,176
wallabi point,141
wallace,80
wallacedale north,1
wallacia,435
wallan,1254
wallan east,39
wallandool,3
wallanthery,14
wallarah,21
wallaroo mines,25
wallaville,280
wallsend,4359
walmsley,8
walmul,3
walpa,49
walpole,232
walsh river,5
walshs creek,1
walterhall,10
wamberal,2025
wamboin,419
wambool,12
wamuran,690
wanaaring,40
wanalta,42
wanbi,34
wanda beach,8
wandal,85
wandandian,84
wandering,88
wandi,235
wandiligong,190
wandilo,39
wandin east,87
wandin north,602
wandook,2
wanerie,7
wang wauk,26
wangandary,80
wangara,100
wangaratta,7185
wangaratta east,13
wangaratta forward,13
wangetti beach,7
wangi wangi,1088
wanguri,589
wannamal,55
wannamal east,26
wanneroo,3420
wanniassa,2870
wantabadgery,41
wantagong,9
wantirna,5775
wapengo,27
warakurna,1
waramanga,1091
warana beach,3
waranga basin,8
waratah bay,44
waratah north,43
waratah west,607
warburton,945
warburton east,245
warby,42
ward belt,5
wardrop valley,19
wards mistake,5
wards river,86
wareek,15
wargan,6
warialda rail,55
warilla,2675
warkton,24
warkworth,23
warnbro,3536
warneet,234
warneton,5
warooka,199
waroona,971
warra,138
warraber island,21
warrabri,12
warrabullen,6
warracknabeal,1224
warradarge,16
warraderry,8
warragul south,92
warrak,46
warralonga,8
warramboo,70
warrandyte,2682
warrane,713
warrawidgee,34
warrayure,7
warrego,10
warrell creek,122
warren,1121
warriewood,1436
warrill view,45
warringa,5
warringah mall,2
warrion,78
warriwillah,11
warrnambool east,6
warroo,20
warrow,3
warrumbungle,22
warunda,2
washpool,1
watagan,1
watchem,97
watchupga,17
wategos beach,28
waterhouse,46
waterloo,2403
waterloo corner,229
waterman,527
watervale,143
waterview,164
watsonia,3152
watsonia military camp,1
watsonville,33
wattamolla,26
wattle bank,14
wattle flat,150
wattle glen,571
wattle hill,39
wattle park,673
wattle range,5
waubra,151
waurn ponds,452
wavell heights north,2
waverley,3949
waygara,11
waytown,2
weddell,1
wedderburn junction,2
weddin,1
wedge island,2
wedgecarrup south,15
wedgefield,74
wee elwah,15
wee wee rup,5
weegena,39
weengallan,2
weerite,30
weeroona island,32
weetah,21
weetaliba,28
weilmoringle,21
weipa south,9
welbungin,2
welcome creek,6
wellard,398
wellers hill,210
wellington east,11
wellington point,2987
wellsford forest,1
wendouree,4521
wendouree village,2
wengenville,3
wentworth,706
wentworth falls,2195
werai,41
werneth,27
werombi,205
werona,10
werri beach,247
werribee south,435
werrington,2702
werrington county,169
wesley vale,175
west  brompton,1
west armidale,1
west ballina,2
west broadbeach waters,3
west cooroy,7
west croydon,1197
west culburra,1
west doncaster,1
west kempsey,276
west lakes,2283
west lakes shore,1155
west lawnton,1
west midland,56
west moonah,2
west perth,1695
west perth plb,1
west pine,2
west popanyinning,1
west swan,309
west wollongong,1547
west wyalong,1608
westbrook,593
westbury,833
westby,2
westcliffe,29
western creek,34
western gardens,142
western port,3
westerway,73
westfield,973
westgarth,38
westlake,1323
westmar,34
westmead,3226
westmeadows,2034
weston creek,20
westonia,56
westwood,99
wetherill park,1794
wexcombe,4
whalan,1609
whaleback,91
wharminda,25
wheatsheaf,64
wheeo,22
whian whian,48
whinstanes,2
whitby,29
white beach,98
white hill,4
white hills,906
white patch,17
whitebridge,1007
whitefoord,23
whiteman,4
whitemark,147
whitemore,87
whites hill,46
whiteside,202
whiteville,1
whitewood,9
whitfield,1914
whitlands,19
whitsunday,6
whittingham,115
whittington,1900
whitton,223
whitwarta,31
whoota,10
whorouly,229
whorouly east,17
whorouly south,18
whroo,5
whyalla,1653
whyalla jenkins,276
whyanbeel,25
wialki north,19
wickepin,154
wickham estate,1
wickliffe,55
widgee,181
widgelli,58
widgiemooltha,4
wights mountain,137
wilbertree flat,1
wild dog valley,5
wild horse plains,25
wildash,10
wildes meadow,100
wildwood,26
wilgarrup,4
wilgoa,1
wilgoyne,23
wilkesdale,15
wilkur,34
willagee,1661
willala,3
willaura north,24
willetton,5738
williamsdale,43
williamstown,5786
williamtown raaf,1
willow creek,5
willow grove,226
willowmavin,28
willows,36
willows gemfields,25
willsons downfall,4
willyabrup,83
wilmot,142
wilroy,16
wilson,1858
wilson beach,44
wilsons creek,74
wilston,1405
wiltshire,7
wimbledon,19
winchelsea,710
winchelsea south,26
winchendon vale,12
windang,1035
windaroo,621
windella,96
windermere,131
windradyne,196
windrodine,1
windsor,6005
windy harbour,19
winegrove,2
wingan river,3
wingeel,18
wingello,145
wingen,100
wingfield,207
wingham,2214
wingidgeon,1
winiam,24
winjallok,4
winkie,196
winkleigh,74
winmalee,1935
winnindoo,28
winston,56
winston hills,3686
winthrop,1869
wirlinga,39
wirrabara forest,4
wisanger,89
wiseleigh,54
wisemans ferry,321
witchcliffe,183
withcott,646
withersfield,14
wittenoom,13
wittitrin,17
woden,42
wokalup,88
wollar,100
wollaston,2
wollombi,186
wollomombi,75
wollondilly,32
wollongong north,773
wolumla,325
wolvi,203
womalilla,1
wombat,104
wombat creek,3
womboota,56
wonboyn lake,72
wondalga,35
wondecla,176
wondoba,4
wondunna,2
wongabel,21
wongaling beach,336
wongamine,7
wongan hills east,20
wongarra,54
wongarra village,32
wongawallan,148
wongawilli,35
wongo creek,8
wongwibinda,15
wonthaggi north,18
wonthella,645
wonwondah,14
wonwondah north,2
wonyip,8
woodanilling,101
woodbine,777
woodbridge,262
woodburn,454
woodbury,23
woodchester,45
woodcroft,3876
woodend,2381
woodfield,15
woodford north,7
woodforde,184
woodgate,430
woodglen,15
woodhill,140
woodhouse,53
woodhouselee,40
woodlands,1448
woodlawn,21
woodlea,1
woodmans point,3
woodpark,317
woodridge east,2
woods point,59
woods well,4
woodside east,1
woodstock west,12
woodville gardens,683
woodville north,697
woodville park,536
woodville south,910
woogenilup,28
woogenilup east,21
woolgoolga,1854
wooli,327
woollahra,3452
woolners arm,7
woolomin,104
woolooma,24
wooloweyah,38
woolpunda,4
woombye,1329
woomera,174
woondooma,1
woongarra,190
woongarrah,160
woongoolba,146
woopen creek,25
wooragee,96
woorak,25
woorarra east,5
wooree,268
woori yallock,902
woorim,688
woorinen,182
woorndoo,81
woree,1215
world trade centre,1
worongary,1414
woronora,721
woroonden,15
worrigee,330
worrolong,93
worsley,12
wottating,2
wowan,178
woy woy,4231
woy woy bay,156
wrathall,10
wrattonbully,45
wreck bay,10
wrightley,1
wrights beach,48
wubin,44
wuk wuk,18
wulgulmerang,13
wundaru,19
wundowie,378
wunghnu,132
wurdong heights,60
wurruk,192
wutul,12
wuuluman,12
wy yung,483
wyalkatchem,205
wyandotte,3
wyanga,3
wyangala dam,67
wyberba,28
wybong,87
wychitella north,1
wye river,122
wyee,795
wyee point,194
wyelangta,18
wyena,10
wylie creek,9
wyndham,418
wynnum west,3183
wynola,13
wynyard,2336
wyoming,3694
wyong,1872
wyong north,181
wyong south,1
wyongah,545
wyora,1
wyrallah,180
wyroona,6
wyuna east,13
yaamba,52
yabba north,40
yaccabri,1
yacka,67
yackandandah,647
yagoona,4550
yagoona west,6
yakapari,257
yalata,11
yalca,64
yalgogrin north,8
yallaroi,2
yalleroi,13
yallingup siding,12
yallourn,39
yallourn heights,20
yallunda flat,44
yalwal,2
yalyalup,10
yamala,10
yamba,2591
yamble,1
yambuk,127
yambuna,10
yamma,8
yamsion,26
yan yean,99
yanakie,138
yanco,375
yandanooka,30
yanderra,171
yandoit,100
yangan,184
yangebup,1835
yankalilla,359
yannathan lower,5
yaouk,8
yapeen,62
yarck,88
yarloop,296
yaroomba,447
yaroomba beach,7
yarpturk,13
yarra,64
yarra creek,10
yarra junction,673
yarrabah,133
yarrabandai,6
yarraberb,19
yarrabin,12
yarragon,486
yarragon south,18
yarrahapinni,87
yarram,1001
yarramalong,187
yarraman,423
yarrambat,428
yarramundi,157
yarranlea,8
yarranung,1
yarraville,4289
yarrawonga,2538
yarrock,2
yarroweyah north,13
yarrowitch,72
yass,2467
yatina,4
yatpool,4
yattalunga,162
yatteyattah,102
yaven creek,22
yaypo,2
yealering,82
yednia,3
yeelanna,73
yeerongpilly,611
yelarbon,184
yelbeni,36
yellingbo,177
yelta,85
yelverton,4
yenda,696
yendon,119
yengarie,82
yennora,371
yeo,34
yeoval,292
yerapin,13
yerecoin,52
yering,5
yeronga,2100
yerrinbool,308
yetholme,113
yetna,5
yeungroon,31
yiddah,9
yielima,50
yinnar,484
yirrigan,1
yirrkala,68
yolla,189
yongala,44
yoogali,322
yorkeys knob,1122
yorklea,112
yorkrakine,48
yorktown,9
youanmite,12
youarang,8
young,3857
younghusband,116
youngvale,16
yowah,24
yowie bay,886
yowie bay south,1
yugar,46
yuleba south,1
yuna east,37
yunderup,452
yundi,69
yungaburra,676
yunta,38
yuraraba,2
yuroke,74
yuruga,10
yuulong,28
zeerust,21
zilzie,146
