aaberg,2
aakre,1
aarts,1
aaternir,1
abat,2
abbatista,1
abbetmeyer,1
abbondandola,2
abdel salam,1
abdol,1
abdullah,8
abdulsubahan,1
abejo,1
abera,2
aberg,2
aberham,1
abeygunawardena,1
abeysuriya,1
abeywickrama,1
abifarraj,1
ablamowicz,2
able,3
abolf,1
abou-zeid,1
abourjeili,1
abraha,1
abrahamson,10
absell,1
absenger,3
abud,1
abulmouna,1
abushawsh,1
acciairresa,1
achkar,1
ackermans,1
adair,25
adamou,1
addo,2
adelaide,1
adhikari,3
adikari,1
adnerson,1
adorni-braccesi,1
adrain,4
adshed,1
adzaip,3
aesche,7
aeuckens,2
afford,38
afiabo,1
afrassa,1
agagliate,1
agapitos,1
agerbeek,4
agett,3
aggarwal,7
agius,73
agno,1
agriogiannis,1
ah chin,3
ah kit,2
aherne-vonhoff,1
ahier,5
ahillias,1
ahlin'smith,1
ahmed,26
ahmepagic,1
ahsam,1
ahwah,1
aimes'emery,1
airs,2
airwolf,1
aisatullin,3
aiston,11
aitken-moss,1
akar,1
akaula,1
akauola,2
akele,1
akerland,1
akerlind,2
akker,5
akkermans,7
akmacic,2
akot,1
akritidis,1
akroyd,2
aksentijevic,1
aktov,1
al safi,1
al-zubaidy,1
ala saarela,1
alagich,3
alahiotis,2
alate,1
alberd,1
albert-ward,1
albertini,10
alberty,2
albore,1
alcazar,4
alcoe,1
alderman,34
alderson,82
aldous,19
aldrich,1
alearez,1
aleksander,1
aleksandric,1
alessi,6
aletras,1
alexander-grieve,1
alfords,1
algo,3
alhabsji,1
alhaiery,1
aliadi,2
alias,4
alibek,1
alimanovic,1
alisauskas,2
allabanda,3
allanby,27
allard,32
allchin,11
allcroft,6
allegretto,6
allen mckenzie,1
allermo,1
allica,1
allik,2
allister,3
allmich,2
allon,1
allsopp,18
alma,2
almazan,2
almeida,8
alrobiay,1
alsic,2
alste,1
alstin,2
alstrom,2
alszko,1
alt,3
alton,4
altorjay-arnoul,1
alty,3
alves,18
alwast,1
alyta,1
amafuji,1
amagula,3
amarasekara,1
amarasekera,2
amarjit,1
ambjerg-pedersen,1
amega,1
amiet,8
aminthe,1
ammer,1
amorim,2
ampelas,1
amri,2
amur,1
anable,1
anatoly,1
andersch,8
anderson-haig,1
anderson-ives,1
andrae,18
andreae,3
andreescu,1
andrepoulos,1
andresen,15
andretti,3
andretzke,16
andricic,2
andrionne,1
andrioti,1
andrysz,1
anestopoulos,2
ang,19
angerson,2
angie,3
angus-welcome,1
anic-ivicic,1
anicic,4
anjewierden,2
anne,4
annetta,3
anninos,5
anns,2
ansaar,1
ansford,1
anshan,1
ansone,1
ansselin,1
antees,1
anthanassiou,1
anthomy,1
antiuschka,2
antoinette,1
antoku,1
antuar,3
anwyl,2
ao,1
aoun,5
apathy,5
apiata,1
apoleski,1
apolinar,1
apostoloff,4
appletree,1
apruzzese,1
apse,4
apsitis,4
apted,42
aquila,1
arabilla,2
arachchide,1
araisuru,1
arakiel,3
arana,1
arandale,1
araujo,5
aravena,1
araya,4
arbalis,1
arbuckle,12
archdall,12
arda,1
ardalich,3
arenz,1
arganese,9
argentieri,1
arghittu,1
argiridis,1
arhar,1
arhdntoulis,1
arhipoff,8
arikawe,1
ariuu,1
ariyaratme,1
arkadianos,2
arkcoll,1
arkit,2
arkwright,2
arland,2
arlott,4
arlotta,1
armanas,2
armanini,7
armanious,2
armata,1
armfield,22
armiento,11
armstrong-essery,2
arnald,1
arnaoutis,1
arnaudon,1
arndt,8
arneil,3
arozoo,1
arragon,3
arribas,2
arrigoni,1
arrison,1
arsenijevic,2
artacho,2
arthure,1
arthus,1
artis,41
arts,1
artym,2
artymowycz,4
arulanandam,3
arvanitakis,5
asbroek,3
asbury,1
asche,6
aseffa,1
asendorf,4
ashbey,1
asher,24
ashpole,1
askell-wilson,1
askins,2
asmus,3
asperti,3
aspery,2
aspey,3
aspinall,50
assadi khansari,1
asser,15
astinall,1
astley,23
asusaar,2
atahan,1
atefi,1
athanasoulias,3
athans,6
athnansiou,1
atholwood,1
atighi,1
atkinson-crawford,1
atsalas,4
atsalis,3
atsaves,5
attis,1
attle,2
au,23
aualiitia,1
auch-schwelk,1
audino,2
audze,1
aufiero,1
augey,1
augustijn,1
aujard,6
auldridge,1
aulert,1
auman,2
aungle,1
ausserlechner,3
austin-crowe,1
autengiuber,1
auvaa,1
avcarich,1
avdic,2
aveil,1
avendano,1
averats,4
averay-jones,1
averis,12
averkin,3
avoty,1
awadahl,1
awarau,1
awatere,1
axam,1
axelson,1
ayer,3
ayotte,1
ayres,82
azarovsky,2
azeez,1
azimi,4
azzopardi-williams,1
baars,3
baart,1
baayens,3
babare,1
babarowski,1
babefhoff,1
babic,25
babol,1
babos,3
baccarin,1
bacchus,13
bachan,1
bachli,4
backcoller,1
bacskai,6
bacueti,1
badalassi,2
badawee,2
baddeley,7
badewitz,1
badger,34
badhan,1
badia,1
badman,45
badowicz,1
baensch,2
baerwald,1
bagdan,1
baggalley,2
baginska,1
bagot,8
bagusauskas,4
bagwell,2
bahgat,2
bahnisch,11
bahouche,1
bahwech,1
bail,18
bailiht,3
baillie,85
baj,1
bajic,5
bajtek,2
bajurin,1
baker-cresswell,1
bakewell,6
bakirtzakis,3
bakken,1
balasubramaniam,3
balazs,7
balcher,1
balchin,15
baleibaravi,1
balga,1
balingit,1
ballantyne,69
balmain,3
balmford,1
baloban,1
baloch,1
balsarini,1
baltagie,2
baltidis,1
bambas,1
bambino,2
bambling,5
bammant,1
ban,7
ban malssen,1
banagala,1
banasevich,1
bandi,1
bandick,8
bandte,2
banelis,4
banful,2
banham,24
bani,1
banjavcic,1
bankowski,1
bansemer,13
bansgrove,2
banson,2
bantolas,1
banute,1
baohm,11
baptist,5
barabara,1
baradakis,4
baraiolo,4
barancek,1
barazda,2
barberien,2
barbiellini,1
barbier,2
barbuto,6
barchero,1
barelds,3
barges,2
baricevac,1
barisic,20
barko,4
barmore,1
barnaby,2
barnes-keoghan,1
barnetson,4
barol,1
barossa,2
barra,5
barram,1
barrangul,1
barre,1
barrett-woodbridge,3
barritt,12
barsoum,1
bartel,75
barthomew,1
bartkow,2
bartley-steele,1
barton-ancliffe,5
bartone,4
bartos,5
bartosic,1
barvo,1
barwon-parry,1
barzen,2
bascik,1
base,1
basedow,12
basey,3
bashum,1
basis,1
baskarada,1
baskin,2
basri,1
bassal,1
bassaletti,1
bassani,8
basselot-hall,2
bastardi,1
basterfield,3
basterrechea,1
bastiaans,12
bastin,13
basting,1
basyaruddin,3
bat,2
batemam,1
bates-brownsword,8
batiste,2
battisson,13
battistessa,1
batusic,2
baucks,1
bauerstock,1
baugh,9
bauman,5
baumgart,3
baust,7
bavagh,1
bavin,2
bayet,3
baynes,37
bazevski,1
bazley,2
beaben,1
beadel,4
beadell,4
beadle,28
beahan,2
beak,1
beal,37
beams,53
beardon,2
beasland,1
beattie,180
beatton,10
beaty,41
beaufort,1
beauman,4
beaumaris,4
beaumont-smith,1
beazley,23
bechtold,4
becirevic,1
beck-clark,1
beckwith,34
bedarev,1
bedding,12
beddison,2
bedington,2
bednar,1
bednarczyk,3
beeche,3
beegling,1
beelitz,29
beemster,3
beerbiuum,1
beeslee,2
beganovic,1
beh,3
behill,1
behnke,6
beiler,1
beilicz,1
beissel,2
beiwinkler,1
bela,1
belavic,2
belbello,1
belchel,1
belci,6
belding,1
bell-towers,2
bellamy,28
bellchambers,110
bellew,4
belling,10
bellofatto,2
bellon,12
bellot,2
belonoha,1
belperio,74
belsham,6
beltrami,2
beltsos,2
bem,2
bemowski,1
ben-gurion,1
bencze,2
bendt,1
bendyk,6
bendyna,1
bene,1
benetto,1
benger,58
bengtell,1
beniston,2
benjafield,2
benjamin,34
benkovic,1
bennell,17
bennier,45
bentham,7
bentin,1
bento,1
benveniste,4
beran,2
berce,4
berenyi,5
bereza,5
berezansky,2
berezny,1
bergamaschi,10
berghout,1
bergrud,1
bergsma,2
beric,7
berisa,1
berketa,5
berkinshaw,4
berly,1
berman,4
bernardo,8
bernath,4
bernattek,1
bernauer,1
bernhart,3
beros,1
berresford,12
berrgren,1
berry,527
berryman,91
bersable,1
bersten,1
bertagno,2
berwald,1
beryl,2
berzel,4
betemarim,1
bethesda,1
bethley,1
betiavas,1
betrum,1
betschart,3
betschild,1
bettens,13
betti,2
bettineschi,2
beudeker,1
beugelaar,2
beurich,1
beutler,4
bevan-lewis,2
beverakis,1
beverlee,1
bevin,9
bevis,33
bevitt,1
bezos,8
bezuch,4
bezuidenhoudt,1
bhalla,2
bholanat,1
bhummabhuti,2
bialous,4
biancardi,3
bianchin,3
bibb,1
bibby,16
bibrowicz,1
bicanski,1
bichler,1
bickerstaffe,1
bidal,1
biden,1
bidwell,5
bieber,1
biec,1
bieckmann,1
bielenberg,3
bienkowski,1
bierenboim,2
bigge,1
bihar,3
bilecki,10
bilinski,1
billman,2
billsborrow,2
bilowus,2
bimitrijevic,1
bin-gapore,1
bindi,4
bindoff,6
binggong,1
biniek,1
binkowski,7
binns,104
birchby,7
bircher,1
birdling,1
birg,1
birindzic,1
birkill,2
birkin,26
birkner,1
birthisel,3
birthwhistle,1
bisazza,2
biscan,1
bischelberger,2
biscoe,5
bishop,636
bisht,1
bissember,1
bissett,64
bissmire,4
bistik,1
bitmead,27
bittins,2
bivone,8
bixley,1
bizjak,7
bjorksten,1
blachnicki,1
blacka,2
blacklaws,1
blacklow,21
blackney,5
blackwell,229
bladel,3
blake,370
blam,1
blanchette,2
blancodini,1
blandis,3
blaschke,7
blask,1
blaskett,4
blazey,4
bleeser,1
blenkinsopp,1
blenkle,1
blessios,1
blewett,17
bligh,24
blignault,1
bligzna,3
blinman,9
blissenden,2
blizard,1
block,51
blocki,4
blohm,2
blomberg,5
blondel,1
bloomfield,92
blowe,1
blowes,26
blows,18
bluemmel,1
blunden,60
blurton,1
blyde,2
boak,1
boam,4
boase,28
boaz,3
bobbitt,1
bobets,1
bobko,1
bobroff,3
bobstchlinski,1
boccabella,1
bocchino,7
boccuzzo,2
boceanu,1
bochmann,6
bochnicek,2
boczkowski,2
bodfish,1
bodman,6
boe,1
boecke,2
boekel,2
boesten,3
boettinger,2
boevink,2
boeyen,8
bof,4
bohonis,1
boi,1
boigt,1
boileau,5
boissery,1
boitcheff,1
boizard,1
boling,2
bolis,1
bollen,18
boller,6
boman,11
bomben,1
bondar,3
bondza,3
bonnefin,4
bonnie,1
bonomo,1
bonthuis,2
bonvino,1
boocock,7
boonen,3
boothroyd,6
bootton,1
bopping,3
boravos,2
bordeaux,2
bordin,10
bordon,3
borejko,1
borel,1
borg caruana,1
borgardt,1
borgelt,8
borges,4
borgmeyer,8
borholm,1
borick,1
borkowskis,1
bornholn,1
boromisa,2
borrill,3
borsut,1
bortkiewicz,2
borysiak,1
bosboom,2
boschen,1
boschma,1
bosecke,2
bosi,4
bosonworth,1
boss,23
bosse,1
bossence,1
bossley,1
boswest,1
boteju,1
botham,5
bott-sarma,1
botta,2
bottroff,31
bouchierr,1
bough,2
bouldin,2
boulter,32
bouras,13
bourchardt,1
bourgeois,4
bourrell,1
bouskill,1
bousky,1
boutchard,12
boutland,1
bouzalas,3
bovill,8
bowdern,1
bowen-smith,1
bowerman,104
bowes-johnston,1
bowick,1
bowles-baker,1
bowness,1
bowran,3
bowron,6
boxer,34
boxhall,45
boxshall-slean,1
boyes,43
boyle,209
boylon,5
boysey,1
boyton-carverry,1
bozanco,1
bozdarovski,1
bozoki,1
bozzetti,3
bozzon,2
brabants,1
bracci,5
bracht,2
braciak,2
brack,6
brackett,2
bradby,1
braddy,8
bradicich,1
bradshaw,214
braemer,1
bragicevich,1
braido,1
brain,104
braine,3
braithwaite,103
brajkovic,4
brakel,2
brakensiek,1
bralic,6
bramble,6
bramfit,1
brammy,17
brandall,1
brandreth,1
brandstetter,2
brangwen,1
braniff,2
brann,5
brannelly,3
bransby,3
branski,1
branston,3
brasdandi,1
brash,2
braslis,1
bratina,1
bratko,1
bratovic,3
braumann,1
braunack,39
braunwalder,1
brayshay,1
brayton,2
brazzalotto,12
bredel,1
bredl,1
breedt,2
breglove,1
breheny,11
bremers,1
bremstaller,2
brenchley-gaal,1
brennand,8
brentnall,7
brenzel,1
breschi,2
bresnik,1
bresvansin,1
bretland,2
breuninger,1
brey,1
brgles,7
briceno,1
bridgefoot,1
bridgeland,4
bridgland,32
brining,1
brinsmead,10
bristow,80
bristow-smith,1
britten,69
brittion,1
brne,1
broadby,46
broade,1
broadhead,12
brock,130
broders,4
broinowski,2
brokenshire,25
brommeyer,1
broniecki,1
bronwyn,2
brooker,72
brookes-inglis,3
brookhouse,6
broughan,4
broullet,1
brouwers,4
brovcenko,1
browne,257
browngold,1
broxam,6
bruck,2
brudo,1
brugler,1
bruhn,59
bruinewoud,4
brumbt,1
brumley,3
brummer-archer,1
brunborg,1
brunne,1
brunoro,4
brunssen,3
brus,9
bruse,9
brushe,1
brushett,1
bryce-watson,1
brydon,12
bryers,3
brysland,1
brzezinska,2
buccini,4
buchhorn,6
buchiw,6
buchold,2
bucholtz,3
buckell,7
buckinghan,1
buckmaster,12
buckoke,2
bucks,1
budel,2
buder,6
budge,6
budreika,2
budzynski,3
buer,3
bueschike,1
buesel,1
buffett,2
bugera,1
bugslag,1
buhagiar,27
buhle,1
bui-kensington,1
buil,1
builth,2
buitendyk,2
bujnowski,5
bujtas,1
bulbrook,1
bulfone,1
bulford,1
bulgin,1
bullamore,1
bullion,1
bullivant,9
bullock,129
bulmeister,1
bulner,2
bulyga,2
bunch,2
bunjo,3
bunt,8
bunuggurr,1
buracott,1
burchel,1
burdin,3
burdzielow,1
burford,225
burgar,5
burgemeifter,1
burghof,2
burghr,1
burgmann,2
burgstett,1
burkenhagen,2
burkevics,9
burleigh,32
burman,39
burmeister,4
burn-adams,1
burnell,64
burrill,15
burtenshaw,5
buscall,1
buschauer,1
buterfield,1
butt,116
butter,3
buttons,1
buttrose,16
buttsworth,2
butvila,2
buxton-collins,1
buzow,1
bycroft,5
byers,74
byers-thomas,2
byham,2
bykow,1
bynder,1
byrd,2
byreddy,1
byrt,11
bysord,1
cabos,1
cacciotti,4
cachia,9
caddick,8
cadman,29
cadwallader,5
cagialis,1
cagliuso,2
cagnan,1
cahir,4
caine,12
caire,40
cakic,1
calan,5
calantzis,2
calarco,3
calcroft,1
calgie,2
calhourn,1
calic,4
calio,5
calipari,9
calisto,1
callado,4
callagan,1
callahan,40
callister,6
calloway,1
calnan,14
calnin,1
caloghiris,3
calov,2
calow,7
caluzzi,1
calvett,2
calzadalla,1
camarotto,1
cambell,4
cameirao,3
camens,10
cameron-hill,1
camffermann,2
camillo,1
camiss,1
camozzato,6
camp,38
campain,32
campana,1
campbell,1414
campbell-kennedy,1
campbell-smith,6
campble,1
campton,15
camuscini,1
can,3
canavan,19
canavese,3
canciller,1
candale,2
candida,10
cangelosi,1
canini,1
canizares,2
cankett,2
cannell,71
cannons,10
cansfield-smith,2
cantarella,1
cantini,3
canton,7
cantrall,1
capek,1
capel,13
capell,12
capio,1
capiro,2
cappelluti,18
cappelutti,1
capurro,1
capurso,40
caputi,2
carallis,1
caranci,1
carberry,11
carbone,136
carbray,2
carcuro,6
cardier,1
cardnell,4
careless,10
carella,3
carger,4
carich,1
carie,3
carige,7
carington,2
carington-smith,1
carioti,2
carless,5
carlington,1
carlmark,1
carluccio,2
carlus,1
carmax,1
carmody,86
carmont,1
carnachan,3
carnicelli,2
carnmer,1
carnuccio,4
carofano,5
carosella,3
carp,1
carpanzano,1
carrabba,2
carradine,1
carraill,10
carratt,2
carrel,2
carrera,8
carrigg,3
carruthers-taylor,2
carsley,1
cartland,4
cartmel,2
caruana,51
carugno,1
carullo,2
carvalho,4
carvel,1
casanovas,1
casaretto,4
casasola,1
caselli,1
casimiro,4
casper,1
cassebohm,7
casser,1
cassilles,2
cassimatis,4
castelanelli,2
castellari,4
castelluzzo,5
casten,1
castleman,4
catalinac,1
catalini,1
caterer,3
catherwood,3
catt-green,1
cattigan,4
cauna,2
cavaivolo,1
cavallard,1
cavanaugh,2
cavinagh,1
cawkwell,4
cayoun,1
cazes,2
cazzlato,1
cebalo,1
cebin,1
cecere-palazzo,3
cecotti,3
cecovic,2
ceiffman,1
ceiley,1
cenatiempo,1
cenin,7
center,1
centofinti,1
ceper,1
cerchi,2
cereceda,1
cerins,1
cernaz,1
cerritos,1
cervo,1
cesari,1
cetic,1
cetinich,3
chabrel,6
chadburn,3
chahin,1
chakouch,1
chala,1
challenor,7
chalson,1
chamalaun,3
chambis,2
chammen,5
champion de crespign,4
chandler,280
chanter,3
chantha,1
chantrill,1
chappel,22
chaptini,1
charitonidis,1
charlton-white,1
charman,33
chater,4
chaternuch,2
chatloup,1
chattin,4
chaudhary,1
chauveau,1
chav,2
chawla,3
chawtur,1
cheap,1
chee,7
cheel,15
cheers,10
cheffon,1
chegwidden,6
chehon,1
cheliotis,1
chell,4
chelmers,1
chemello,1
chemny,2
chereda,1
cherini,3
cheshire,22
chestnut,3
chetter,1
chetwyn,2
chevallier,2
chiappetta,5
chico,1
chidzey,1
chighine,1
chigros,8
chijiwa,2
chilko,1
chin quan,1
chiotis,1
chippett,4
chitti,4
chittinoori,1
chittleborough,33
chitts,2
chmelar,2
chodacki,1
choi-lundberg,1
chol,2
cholawinskyj,3
cholmondeley,1
chomos,2
choon,1
chorley,15
chorny,2
chote,1
chou,12
choumar,1
chowdhury,9
chraplewski,1
chreb,1
chrisakos,1
christanto,1
christerson,4
christie-taylor,1
christo,5
christofilos,2
christos,1
chrost,1
chrysanthou,1
chua-chang,1
chubb,7
chuck,22
chudzinski,1
chueler,1
chuong,1
churches,23
churchill-bateman,1
churkin,1
chuying,1
chwalczyk,1
ciannemea,1
ciardullo,5
ciavarella,1
cibiras,2
cicchini,10
cicconi,5
cichanowski,1
ciciksza,1
cicolella,4
cifali,2
cimbora,1
cioffi,5
cionci,4
ciotti,5
ciplys,3
cirelli,5
cirottola,1
cirvydas,1
ciuciu,1
civil,3
claasz,1
clacy,2
cladingboel,2
claffey,1
clapham,14
claremont,3
clarke,1781
clarke-hall,1
clarysse,1
clasper,3
clauson,4
clayden,9
claydon,14
clearay,1
cleaver-smith,1
clelland,15
clemes,2
clendenning,1
cleugh,1
cliffe-hickling,2
climo,1
clisby,26
clissold,11
cloke,8
clos,1
clota,3
cloudsdale,9
clowes,4
clucas,2
clutterbuck,24
cmarch,1
cmielewski,3
cnossen,1
co,1
coady,19
coatsworth,7
coaxton,1
cobbett,2
cobbin,5
cobuccio,1
cochrane,139
cockerham,2
coenen,4
coey,1
coffey,104
cofinas,1
cogzell,2
cohonen,1
cohorts,1
cokley,1
colantoni,4
colantuono,2
colaric,1
colasante,6
colbron,1
coldell,1
coldicutt,6
cole-adams,2
colefax,3
colegate,16
coleman,529
coleman-bock,1
coleopy,2
colev,3
colicchio,1
colis,1
collier,87
collingham,1
collins hartley,1
collinson,51
collishaw,1
colliss,1
collo,1
collufio,1
colombini,3
colpo,2
colquhoun,87
colston,1
colthorpe,6
coltman,8
comacchio,7
comahig,1
comben,1
combridge,8
combs,1
comersord,1
comisari,1
comitis,1
commons,16
commozzato,1
compagne,6
compton,26
conaghty,26
conboy,7
concannon,6
conder,10
condessa,3
condo,20
condozoglou,1
condric,2
conely,1
connerty,4
connier,3
connochie,1
conrick,18
constance,12
constantas,1
cookson,20
coolahan,3
cooper-heeney,1
cooper-white,1
coopers,1
coopman-dewis,1
cootam,1
copine,1
coplestone,4
copp,9
copperstone,4
coppinger,9
coppock,21
coppola,26
coquia,1
corbin,26
corbitt,4
corboz,1
cordang,1
cordina,8
cordiner,5
cording,4
cordingley,8
cordoba,1
corera,1
coridas,1
cormick,13
corneille,2
cornioley,1
corocoran,1
corones,2
corpett,1
corre,1
corrick,8
corrie,22
corsico,2
cort,2
corthouts,1
corujo,4
corver,5
cosenza,1
cosgrove-brown,1
cosier,4
cosmetto,2
cossich,3
cossman,1
costain,8
costessi,1
costigan,19
cotchin,1
cother,12
couch-keen,1
couchi,1
coudraye,2
coulls,20
coulson,147
coulton,7
coumans,3
coupard,1
courtenay-ralph,1
courtnell,3
cousin,6
couszins,1
coutsoumis,1
couzens,32
coveny-sanders,1
covino,36
cowcill,2
cowden,8
cowell,56
cowlam,1
cowle,11
cowman,3
cox-mckinnon,1
coxon,32
cradock,13
cragg-sapsford,2
crain,8
cramb,3
cranefield,3
crannage,2
crapp,6
craske,11
craswell,7
craze,2
crea,2
creafter,1
creagh,12
creber,11
creighton-jay,1
crellin,14
cremasco,9
cresceteili,2
cresp,20
creten,8
crews,9
crighton,8
crighton-mills,1
crimes,3
crisafulli,2
crisci,15
cristenfeldt,1
cristiani,2
criswood,1
crkvencic,2
crlik,1
croad,1
croci,5
crocket,1
crofton,4
crofts,14
croker,42
cromer,11
croning,1
cronis,1
cronshaw,9
crook,116
crookall,6
crooke,6
cropper,6
crosetta,1
crosser,1
crossingham,5
crossman,78
crosswell,108
crosthwaite,6
crouch,205
crowest,1
crown,1
cruicksank,1
cruickshanks,3
crute,11
cruttenden,8
csanaki,2
csejtey,1
cseko,1
cseleda,1
cseri,1
csik,2
csomor,1
ctercteko,1
cube,1
cuerden-clifford,1
cuffley,1
culbertson,13
cullens,3
cullerton,1
cullinane,1
culliton,4
culovici,1
culph,6
cuming,20
cummin,3
cundell,5
cunha,4
cuniak,1
cunich,2
cunnett,2
cupo,2
cure,39
curea,2
cureton,9
curihual,1
currinckx,1
curry,59
cursley,2
curson,2
curteis,2
curth,2
curthoys,2
curtoni,1
curwen-walker,2
cushnie,1
custamce,1
cutcliffe,5
cute,11
cuthbert-mundy,1
cwiek,2
cybulski,3
cymbl,1
cyrillo,3
czajka,1
czarnik,1
czekalewski,1
czerniawski,5
czobik,1
czoloszynski,1
czura,1
czylok,1
d'abate,2
d'addio,2
d'alterio,1
d'antiochia,2
d'apollonio,3
d'arne,1
d'emden,11
d'sylau,1
d'unienville,1
daavittila,1
dabb,1
dabinet,16
dabruzzo,1
dabson,1
dach,1
dacktyl,1
dadasovic,1
dadic,1
dady,2
daehn,3
dagley,2
dagli-orti,1
dahl-helm,1
dahler,4
dahlquist,2
daicof,1
daily,3
daimanti,1
dainton,2
daish,14
dajeman,2
dakin,35
dakis,4
dalkin,4
dall'armi,1
dallacqua,1
dallas,23
dallemolle,1
dalli,3
dallos,4
daloia,3
dalpozzo,1
dalpra,2
dalrymple,7
daltoe,1
dalton-lum,2
damhuas,1
damhuis,8
damianos,1
damodaran,1
damyanovsi,1
danby,10
dancey,5
dandie,2
danelon,4
danisewitsch,1
dankers,1
danner,1
dantiochia,1
danyushevski,1
danzig,1
daoutidis,1
dapollonio,1
darbishire,3
darby-cocks,1
darch,7
darcy-clarke,1
dargaville,10
dargenio,3
dargusch,1
darlaston,1
darley-bentley,1
daronco,1
darrington,5
dasilva,4
dasovic,5
datavs,1
dathe,1
datlen,5
dato,3
daughty,1
daumont,1
daven,1
david,96
david-smith,2
daviess,11
davila-sanhdars,1
davis-bennett,2
davis-bishop,1
davis-goff,1
dawborn,1
dawood,1
dayes,1
daykin,8
daymond,5
daysh,5
de angelis,24
de boar,9
de bock,1
de boeck,1
de boni,1
de bono,16
de borzatti,1
de burgh-day,2
de chellis,1
de clouett,1
de courcey,1
de crespigny,4
de fantis,1
de fazio,8
de flumeri,2
de gennaro,11
de greef,4
de gruchy,2
de gryse,1
de judicibus,1
de julia,1
de la cruz,4
de landre,1
de leur,1
de los rios,1
de lucia,6
de march,1
de marzi,2
de michele,10
de nadai,1
de nichilo,5
de paoli,13
de peinder,1
de pierro,3
de pizzol,3
de raden,1
de rijk,1
de salvio,1
de savi,3
de sciscio,7
de smeth,3
de teliga,1
de totth,2
de voga,1
de vrieze,1
de wouytch,1
de'hoedt,2
de'low,1
de-silver,1
deaha,1
deakin,33
deally,2
dearing,36
death,13
debais,1
debelle,2
deblasio,4
debrenni,3
debritt,4
debroughe,1
deceukelaire,1
deck,4
deckert,8
decolongon,1
decrevel,1
dedicoat,4
dedovic,2
deese,2
defrancesco,10
degasperi,6
degenaars,1
degeorge,1
degoede,1
degree,3
degugelmo,1
deguisa,3
dehass,1
dehesh,1
dehey,1
dehoedt,2
deionno,4
deja,1
dejesus,4
dekoff,1
dekrell,1
dekretser,1
dekuijer,2
dekuyer,1
del checcolo,2
del monaco,1
delacy,11
deleon,3
delev,2
delfos,3
delgardo,1
delizo,1
delkic,1
della giustina,2
della-putta,1
della-robson,2
della-verde,6
dellaforesta,1
delledonne,2
dellmann,1
delloiacono,1
delloste,2
delohery,1
delorme,1
delos santos,1
delrue,2
delvendiep,4
demarco,23
demasson,1
demenezes,2
demetriou,17
demura,1
den elzen,1
den otter,4
denberger,2
denduyn,1
denellis,1
denhertog,1
denholm,73
denisenko,1
denne,16
dennes,14
denness,2
denning,9
dennington,6
dent,131
dentchev,1
denwer,2
deoki,1
depanfilis,1
depares,3
depold,2
depoma,1
deporteous,2
derganz,1
derick,1
derkson,1
derlagen,1
dermatis,2
dermidy,1
deroos,1
derrett,2
desalis,1
desantis,3
desaro,1
deschmann,2
desilva,13
dessart,6
dessi,3
detzner,2
deutscher,2
devenny,1
devin,4
devonshire,2
devriadis,1
dews,4
dhara,1
dhondee,1
di caterina,1
di cesare,2
di chiera,2
di cola,2
di domenic,1
di lernia,2
di manno,4
di meglio,1
di narzo,1
di pinto,4
di rosso,1
diamandis,1
diamandou,2
diangmiyang,1
diantsis,1
diashko,1
dibb,3
dibb-smith,1
dibben,25
dibble,4
dicamillo,2
dicaterina,4
dicenso,1
dichiera,28
dichtl,1
dicic,1
dicks,10
dicovska,1
didas,2
dieckmann,5
diegan,2
diekman,5
dielenberg,1
dietmayer,1
dietrich,24
dietzel,3
differy,1
digan,4
digiuseppe,1
dignam,9
dikic,1
dileva,1
dilkes,1
dillion,1
dillon-kenny,1
dillworth,2
diluvio,1
dimachki,1
dimauro,5
dimitrijevich,2
dimitriovski,1
dimmack,3
dimonte,2
dimov,1
dimuccio,2
dine,4
dinfdale,1
dingo,3
dinh,39
diniro,1
diniz,1
dinnison,25
dinon,10
dinow,1
dios-brun,1
diperna,1
dipietro,2
dirr,1
diss,2
dissinger,3
ditfort,1
dittmayer,1
ditty,5
divona,3
dixey,6
dixon,603
dizmanis,1
dizon,1
djamatatradja,1
djugiba,1
djurdjevic,1
dlugosz,1
dmytrenko,3
dmytriw,3
dobel,2
dobell,8
doblinger,5
dobney,3
dobrigna,2
dobrzanski,1
dobrzinski,2
dobrzycki,1
doby,1
docchio,1
dockray,3
dodic,2
dods,7
dodunski,1
does,1
dogg,2
doheny,2
dohse,14
doi,3
doimo,1
doinbee,1
doitschinov,1
dojcic,1
dojcincovic,1
dokas,4
dola,4
dolan,95
dolatowski,1
dolby,7
dolejs,1
dolkens,2
dolliver,18
dolzan,1
doman,44
domarecki,2
domek,4
domergue,1
domhoff,2
dominey,3
domingo,5
domkus,1
donaldson,207
donda,4
donegan,13
donela,1
donetzkow,1
dongas,1
donithorne,1
donkin,7
donnaruma,1
donnellon,2
donnison,4
donnolley,7
donskoj,1
doody,41
doogue,5
dooke,1
dooley,46
doornekamp,2
doray,1
dorin,1
doring,2
dorling,9
dorn,5
doroodkar,1
doroszczonek,1
dorree,3
dorrell,6
dorsey,11
dosmyk,1
doudakliev,1
doudman,1
dougal,4
dougals,1
doumouras,2
dountsis,1
douthwaite,1
douvos,4
dovner,1
dowdney,1
dowland,1
dowley,5
dowling-hanson,1
downsborough,1
doy,3
drady,6
draffen,1
dragas,3
dragh,1
dragheim,1
dragomirescu,1
draiden,1
drallini,1
drance,1
drawwater,1
draycott,1
drayson,7
drechsler,49
dreckow,29
drenovac,1
drenth,5
dreon,1
drewe,3
dreyer,25
drilling,6
drinkell,3
dritsas,5
driver-smith,1
droegemueller,6
dropulic,1
drougas,5
drought,3
drown,1
drozdowski,3
druitt,8
druszcz,3
drymalik,1
drymis,1
drysdale,38
drzezdzon,1
du,20
dua,1
dubbeldam,2
dubbioso,3
dubicki,3
dubrava,1
duca,1
ducanson,1
duchatenier,3
ducornez,1
ducrou,2
dudek,8
dudgeon,19
dudley,71
due,3
duenow,3
duerinckx,1
dufelmeier,1
duffew,1
dugdale,11
dugec,2
dugonjic,1
duits,2
dukelow,1
dukeson,4
dukic,11
dulfer-hyams,1
dulko,1
duller,3
dulnoan,1
dumbrell,6
dumetz,1
dumpe,3
dumphy,1
dumsa,1
dumuid,2
dun,5
dundovic,1
dunis,2
dunling,4
dunnicliff,18
dunnington,1
dunstone,48
dunthorn,2
duont,1
durairaj,1
durban,2
durbridge,27
durdev,2
durnin,6
durovic,4
durr,5
dusek,2
duss,1
dutson,6
dutt,1
duus,3
duvnjak,11
duxfield,1
dworak,2
dwyerreid,1
dzamko,1
dziki,1
dzino,1
e,1
eagar,1
eamer,1
eanbaram,1
early,13
earson,1
earwaker,1
easdale,1
easlea,7
easley,4
easling,6
eastaughffe,3
easthope,6
eayrs,5
ebben,2
ebdell,7
ebert,77
ebrahim,2
ebzery,1
echevarria,1
eckersley-maslin,2
econompoulos,1
edakkadan,1
eder,7
edgecock,2
edgecombe,25
edgoose,1
edgworth,1
edhouse,4
edi,1
ediriweera,2
edis,14
edman,3
edmeades,5
edmonds-wilson,2
edmonston,2
edmundson,3
edser,1
edson,74
edwarda,1
edwardson,8
efthimiou,7
eftimiou,1
egan,169
eggan,1
eggerstedt,1
egglestone,21
eglinton,76
eglite,2
ehmcke,2
eichinger,3
eight,2
eilander,3
eileen,2
eimen,1
eimerl,1
einthal,3
eisel,1
eisele,13
eisenhut,1
eisner,7
ejlak,2
eka,1
eke,2
ekers,5
ekiert,2
ekner,1
el-istamboli,1
elas,1
elavanalthoduka,1
elbanna,1
elbert,1
elburn,2
elderton,5
eldregde,1
elekes,2
elekessy,3
elferkh,1
elfes,1
elfstrom,1
elgeezawy,1
elhelou,1
eliasaf,1
eliassi,1
elika,1
eljaroudi,1
elkhair,2
elks,1
elksnat,1
elkson,3
ellem,19
ellston,7
ellsum,1
elphick,56
elrick,16
elstob,2
elsworth,6
eltantavy,1
elwan,1
elword,1
emberg,1
emberton,2
embrey,6
emel,1
emerton,9
emllin,1
emmanuel,7
emmott,4
emptage,1
emson,1
eneberg,4
enfield,1
eng,3
english-obst,1
engst,3
enjakovic,3
ennanenidis,1
eno-grant,1
ens,1
entresz,2
epari,1
epasinghe,1
erdeljac,1
erett,1
ernster,1
errigo,2
ertzen,1
eshpeter,1
esimae,1
eskandari-marandi,2
esklund-kaim,1
eskrigge,2
eslambolchi,1
esplen,1
estacio,1
estanillo,2
estcourt,17
estepa,1
esterman,1
estrella,2
etchell,10
etheridge,13
etherington,34
eton,1
etschmann,2
euakittiroj,1
eubel,2
euth,2
evans-street,1
evans-zijlstra,1
everding,2
everett,142
everill,2
eversen,3
every,12
eves,20
eveston,6
evison,12
ewald,4
exalto,1
excell,53
exell,3
extremera,3
eyles,80
eyre,34
ezard,4
ezepina,1
ezis,3
faatupuinati,1
fabbro,14
fabel,5
facci,2
faehse,8
fagerlund,3
faggetter,1
fahey-thomas,1
fahlberg,2
fail,1
fair,16
fairbrass-king,1
fairgrieve,1
fairnington,6
fajri,1
fakaris,2
faker,1
falcetta,2
falcione,1
falcone,1
falivene,2
falkous,1
fallarino,1
fallo,1
falting,17
falusi,2
falvey,3
famelis,1
fancsali,2
fancsik,1
fang,7
fangler,1
fanner,1
fanraatree,1
faraday,1
farah,15
farazer,1
fardell,13
fargahry-tolba,1
faria,2
farleigh,1
farndell,2
farnham,26
farnworth,1
farokhmehr,1
farragher,1
farrajota,1
farrimond,10
farronato,2
faskheev,1
fassina,10
fassos,2
fatah,1
fatale,1
fatigati,1
faulhaber,1
faull,23
fauser,43
favaro,4
favero,2
favotti,1
fawkner,16
fax,3
fazis,1
feakes,1
fearnall,2
fearon,7
feary,5
feast,48
febrianto,1
feciak,3
feeley,7
feeney,32
fehlmann,2
fehrenbach,2
fehrmann,2
feil,12
feinle,1
feldbergs,1
feleppa,16
felici,5
felicity,1
felke,1
fellner,1
felmingham,36
felstead,8
felten,1
felton-taylor,1
felusch,4
fely,2
fendy,1
feneley,9
fenis,1
fenlon,1
fenoughty,3
fenu,3
fenwick,76
fergie,5
fergus,6
fergusson-stewart,1
ferley,1
fernan,1
fernance,8
fernando,26
ferrar,14
ferrazzola,4
ferretti,5
ferri,7
ferris,95
ferrison,1
ferron,1
fest,1
fester,1
fey,10
ffrench-rudd,1
fhoumack,1
ficara,2
field-dodgson,1
fiene,1
fierinck,1
fijolek,1
fikar,1
filander,1
filce,4
filgate,11
filip,5
filipetto,1
filipic,1
filipov,1
filipovic,10
filipovski,1
filliponi,1
fimeri,14
fimmano,8
finamore,2
finey,6
fingas,1
finlay,137
finnemore,2
fiorani,2
fiorenza,8
fisher-johnson,1
fitisemanu,1
fitt,4
fittock,12
fitzimons,1
fitzpatrick,271
fizgerald,1
fizio,1
fjeldsbo,1
flacco,2
flahavan,1
flamey,1
flannery,35
flassman,4
flatman,15
flaubert,1
flaus,3
fleck,1
fledge,1
fleet,48
flegg,2
fleischmann,2
flesfader,2
fletcher-jones,7
flockhart,9
flores,17
florinis,1
flowerday,1
foall,1
focas,1
foch,3
foenander,5
fogg,27
fogliano,5
fokeas,2
follese,2
folmer,3
folo,1
fondum,3
foottit,2
forbes-ewan,2
forby,12
forehan,1
forgie-wendt,2
forlot,1
formichella,6
formigoni,1
fornachon,1
fornarino,2
foronda,1
forshaw,10
forsten,1
forstick,1
forstner,2
fortuna,1
forwood,24
fosdick,1
fostiak,2
fotinos,1
fotkou,1
fotopoulos,13
foulger,1
fowdry,1
fowkes,2
foxall,2
frada,1
fraenkel,2
fragomeli,4
frahn,77
frainey,1
frammartino,1
francica,1
frangie,1
frankiewicz,1
franklin-browne,2
frantiesk,1
frantova,1
franzin,5
franzke,1
frauenfelder,3
fraval,1
frazer-oakley,1
frecker,1
freeborn,16
freeburn,3
freiman,1
french-kennedy,1
frencham,5
fretwell,12
freud,1
freudenberger,1
frew,26
friar,1
friebel,13
friedman,8
friman,1
frisina,2
friswell,3
frits,2
frnklin,1
frogley,7
frohmuller,1
frolow,5
fromentin,2
froomes,1
froscio,3
frosina,1
froud,10
frundt,1
frusher,5
fuamli,1
fuda,10
fudali,5
fuenzalida,1
fuff,1
fuhlendorff,2
fukushim,1
fule,2
fulgido,3
fullam,1
fullerton,37
fullgrabe,41
fullwood,13
funadiki,1
furbow,4
furfari,5
furing,1
furmaniak,1
furnari,3
furneaux,5
furner-smith,1
furness,27
furseman,3
furtado,2
furze,16
fusco,24
fusillo,1
futcher,5
fysh,14
gabbert,4
gabriel-jones,1
gacek,1
gade,13
gaden,11
gager,2
gaglioti,2
gail,4
gailis,2
gailor,1
gaitanis,1
gajda,8
galangarri,1
galantomos,8
galappaththi,1
galarneau,1
galazowski,1
galbraith,61
galek,2
galffy,3
galgaardt,1
galich,3
galinec,4
galister,1
gallan,1
galle,1
gallehawk,2
gallichio,1
gallinsky,2
gallio,6
gallirhir,1
gallizzi,4
gallman,8
gallnor,1
galnadiwuy,1
gamaly,1
gambiraza,1
gambranis,5
gamlin,19
ganesharajah,1
ganev,2
ganfield,1
gani,2
ganibegovic,2
gannah,1
gao,17
garad,1
garam,2
garanggar,1
garard,3
garas,3
garbas,1
garbicz,1
garcia,83
garcia-lavarache,1
gardawan,2
garden,16
gardenier,3
gardoni,1
garforth,10
garg,2
gariglio,1
garipou,1
garlett,1
garnett,33
garnsey,8
garran,4
garrand,1
garrigan,8
garrood,5
garthwaite,2
gartlan,10
gartley,1
gartz,2
garven,3
garwell,1
garzo,2
gascoigne,18
gaskin,86
gaspardis,2
gasparin,11
gasset,3
gastarini,1
gatcke,1
gatward,4
gaugg,2
gavel,2
gawanbuy,1
gawthrop,3
gayda,1
gaylard,10
gaynes,6
gazley,1
gazzola,34
geappen-taylor,1
gearen,2
gearin,2
gearman,7
gecele,1
geduld,2
geertsema,2
gehling,10
gehlken,11
geischek,1
geissmann,1
gelati,1
gelok,2
gemo,2
gen,1
gencheff,3
gendron,3
general,1
gengi,1
genner,5
genockey,2
genovese,18
geo,1
george,480
georgee,1
georgeou,2
georgetti,2
georgiadis,16
georgievski,1
georgios,1
georgou,1
geraghty,45
gerdes,1
gergely,9
gerhardt,4
gerhmann,1
gerick,3
germinario,9
gerogles,1
gerritsen,13
gers,6
gershon,1
gerste,3
gerstel,1
gessner,1
gethen,1
getzler,1
geue,56
geyash,1
gfarrick,1
ghagtaf,1
ghan,1
ghanooni,1
gheller,1
ghisalberti,1
ghosn,1
giacca,1
giacomo,1
giagu,1
giampiccolo,1
gianakis,5
giandzis,1
giannakeas,2
giannaris,1
giannes,3
giannikouris,4
giannoni,5
giannopolous,1
giannos,1
giannou,2
giardini,1
gibb,85
gibbett,10
giday,2
giefdercht,1
giehl,3
gielen,3
gierus,4
giesen,1
gigliotti,2
gigney,31
gikopoulos,3
gilbertson,76
gilcher,3
gilcrist,10
gildea,8
gilfedder,8
gilfelt,2
gilian,1
gilkef,1
gilkes,22
gillard,118
gillert,2
gilles,13
gilley,7
gillick,6
gillis,25
gillkum,1
gilrane,3
gilsoul,1
gimamenez,1
gimbrere,3
gimoukis,1
giniotis,2
gioia,5
giola,1
giolbas,1
gioni,1
gionis,1
giordano,9
giorgatzis,1
giorginis,2
giouzelis,2
girando,2
girdauskas,1
girdler,25
girling,5
gissing,4
giuffrida,1
giuggioli,1
giugovaz,1
giunti,1
giurelli,1
gladman,14
gladysz,1
glascock,1
glascott,1
glass,90
glavach,2
glazewski,1
gleissner,2
glennon,17
glerum,1
gliessert,3
glifos,1
glinatsis,3
gliscinski,1
glisinski,1
glod,1
glossop,7
gloster,6
glouftsis,10
gloustfis,1
glover-smith,2
glowick,1
gluck,1
gluschke,3
gluszyk,1
glutz,1
gnesel,1
goadsby,1
gobuccio,1
gocentas,6
goczan,2
gocze,1
goda,1
godbier,1
godding,2
godfrey,228
godsiff,1
goess,3
goessling,1
goetze,9
goffredo,1
gogel,27
gogovcev,2
gohl,13
goich,1
golanski,5
golburn,1
gold,24
golden,9
golder,35
goldsworthy,166
golenda,1
golis,1
gomerski,2
gomulka,1
goncharov,1
gondzioulis,3
gonsalex,1
gontar,2
gonzales,8
goodacre,9
goodchap,1
goode,143
gooder,1
goodeve,1
goodisson,3
goodrum,7
goodwin-jones,1
goodworth,2
goonan,8
goonewardend,1
gorgolon,1
gorjan,2
gorjanc,2
gornicki,1
gornunovs,1
gorog,1
goryan,2
gosain,1
gosztola,1
gotovac,3
gottaas,3
gottliebsen,1
gottschling,1
gotz,1
gou,1
goubil,1
goult,5
gouneau,1
gourd,10
gouvoussis,1
gowers,3
gowin,2
gowling,35
goy,2
goymour,4
goz,1
gozdzik,2
grabau,1
grabek,2
grabler,1
gracie,15
gradischer,1
gradley,1
graesser,3
graetzer,3
grafanakis,2
grafton,25
graham-jones,5
graham-king,1
grainger,75
granadurai,1
granburg,1
grandal,2
grandioso,4
grandison vaughan,1
graneek,1
granter,1
granville-edge,1
grasse,1
gratez,1
gratzis,2
graue,25
graus,2
gravenall,1
gravis,1
grawich,1
gray-grzeszkiewicz,1
graydon,2
graziotin,1
grbovac,2
grcman,1
grdobic,1
gread,1
greathouse,1
greatwich,1
green,1685
greenacre,2
greenberg,8
greenhalgh,52
greenland,14
greenleaf,2
greenshields-hannah,2
greep,3
greg,3
gregorace,2
gregorevitch,1
gregori,1
gregorin,1
gregorovic,1
grehan,2
greig-francis,2
greiveson,1
gretschmann,2
grewar,2
grewe,1
grey-skinner,1
grey-smith,1
grgurich,1
grgurovic,5
grie,1
grier-smith,1
grierson,33
griffen,26
grigolato,1
grigorev,1
grigs,1
grillas,3
grillett,24
grimaldi,8
grimditch,4
grimm,30
grimsell,1
grimsley,5
grimstead,1
grimster,3
grimwade,12
grincelis,4
grindley,10
griptom,1
gripton,12
grisham,1
grobler,4
groenewege,8
groenewoud,4
groenier,2
groenveld,9
gromball,3
gronow,6
grooby,7
grosser,105
grosskopf,3
grossman,30
grosvenor,36
groves-ordway,1
grubb,100
grudnoff,1
gruener,1
grummer,1
grundner,1
grybowski,3
grygiel,1
gryn,1
grypma,1
grzesniak,2
grzybek,1
guarino,8
guarino-watson,1
gudelj,1
guduguntla,1
gue,3
guelzow,2
guglani,1
gugushess,1
guihenneuc,1
guildea,1
guiler,2
guilmarten,1
gukulurruwuy,1
gulesserian,1
gulia,1
gulin,9
gullick,2
gulliver,22
gully,47
gultjaeff,3
gumbys,1
gunawan,9
gundogeu,1
gune,1
gunillasson,1
gunnell,3
gunnlangsson,1
gunnlaugsson,1
gunstone,1
gusain,1
gush,1
gushow,1
gustas,2
gustini,3
gustowski,3
guthridge,10
gutschi,1
guyatt,9
guymer,23
gwatking,15
gwyn,2
gyapjas,1
gyasi-agyei,1
gyergyak,1
gyory,3
haack,11
haak,2
haapakoski,1
haar,15
haberfield,12
haberstich,1
habtemariam,1
hackenberg,2
hacking,1
hadaj,4
hadchiti,1
hadchity,1
hadnuk,1
hadsis,1
haee,1
haemel,1
haeusler,26
haga,1
hage,106
hagemann,7
hagenbruch,3
hages,5
haggan,7
haggett,40
haghighatjoo,1
hague,30
hague-rout,1
hah,1
hai van,1
hainke,1
haj,1
hajda,1
haji,3
haklar,1
halamaj,1
halbe,1
halberda,1
halchuk,1
halestrap,1
halik,3
halikos,2
halimee,1
halinen,1
halladay,1
hallatt,1
hallegraeff,2
hallert,1
hallet,2
halley,29
halligan,16
hallmaier,1
hallock,2
haloulos,2
halvarsen,1
hambasyi,1
hamberger,1
hamblin,10
hamblyn,4
hambridge,4
hamdan,7
hamel,4
hamelink,3
hamers,3
hamilton-smythe,1
hamley,9
hammell,1
hammer,68
hammerton,2
hammill,28
hammonds,2
hamon,19
hamouche,1
hampsen,1
hampton-smith,4
hamrol,3
hand,115
handberg,6
handel,3
handy,5
haner,2
hanigan,19
haniotis,3
hank,13
hanks,25
hanna,116
hannaby,1
hannagan,35
hannett,6
hannink,2
hannus,2
hanretty,1
hanselman,3
hanseon,1
hansongkram,1
hantke,5
hantken,3
hanxomphou,1
hap,1
hapiak,1
happold,1
har,2
haralambos,1
harald,1
haraszti,1
harbard,1
harbord,4
harbottle,12
hardbottle,5
hardiker,3
hardono,1
hare,48
haren,27
hargreaves-morris,1
hargrove,2
harinen,1
hariss,2
harjanta,2
harkotsikas,3
harmse,1
harmston,1
haroon,1
harrer,4
harrington,187
harris-stone,1
harrity,4
harrland,5
harsing,2
harslett,13
hartkop,1
hartland,18
hartley-smith,1
hartzenberg,3
harvey-fuller,1
harward,2
hase,2
hasenbalg,3
hashemizadeh,4
hashmi,2
haskayne,2
haskett,32
hassack,1
hassall,27
hassel,1
hassell,33
hassfurter,1
hassold,7
hathaway,20
hatherell,3
hatji,3
hatsis,1
hatter,2
hauff,6
haughney,2
haupt,12
hauripz,3
hauser,24
haussen,4
havelberg,28
haverfield,4
havetta,1
haviv,2
havrda,1
havriluk,6
havu,3
hawe,2
hawes,85
hawke-fitzhardy,3
hawkers,1
hawkings,2
hawkridge,3
haxton,2
hayam,1
hayball,9
haydock-wilson,2
haymes,2
haythorpe,19
haze,3
hazell,65
hazlitt,1
headon,18
healsmith,2
heans,1
hearde,1
hearn,76
heathfield,8
hebberman,27
hebisch,1
heckenberg,5
hedaux,3
hede,1
heenan,22
heerey,16
heerschap,1
heesemans,4
heesom,1
heesom-green,1
hefford,49
heffron,1
hegerty,1
heggan,1
hegger,1
heggs,1
heidrich,38
heiland,1
heiligenberg,1
heilmair,2
hein-taylor,1
heinke,1
heinlaid,1
heithersay-jones,1
hekele,2
hekmeijer,1
held,6
helen,5
helliar,3
helling,6
hellyeloard,1
helmot,2
hem,4
hemanth,1
hemed,1
hemerka,1
hemlof,1
hemmings,40
hemus,1
henderson-smith,2
henderson-wilson,11
hendie,1
hendricks,17
hendriksen,4
hendy-pooley,3
heney,2
henneken,1
hennicke,4
hennie,1
hennigs,3
hensellek,1
henshaw,31
hentze,2
henzel,2
heouo,1
heraud,2
herbach,1
herbert,259
herburt,2
hercog,1
herendeen,1
hereora,1
hereth,1
herford,1
hering,10
hermans,10
hermely,1
hermiston,2
hermosisima,2
hern,11
heron,100
hersey,32
herson,1
hervey,3
hessler,1
heuer,9
heuston,6
hevera,3
heweston,1
hewetson,6
hewitt-banks,1
hewittson,1
hewson,38
heyer,13
heyes,21
heyhoe,1
hiam,1
hibenic,1
hibibis,1
hick,20
hicki,2
hickinbotham,6
hide,4
higges,1
higgin,1
highet,28
highfield,9
highfold,3
highmore,4
highson,1
higlett,3
hignett,10
hildenhagen,1
hill-smith,10
hillary,10
hilleson,1
hills-wright,1
hillsdon,1
hilsberg,2
hilton,114
hiltula,1
hinchcliff,5
hinchey,11
hinchliff,1
hindess,1
hindley,14
hindmarch,9
hingee,2
hingston,132
hinks,22
hinksman,1
hinkston,1
hinterreiter,1
hipkiss,11
hiras,4
hirose,3
hirota,2
hirschfield,2
hirschman,1
hirsimaki,1
hirsinger,3
hirstle,1
hirvihalme,2
hirzel,2
hiscoke,2
hiscox,11
hislop,31
hissan,1
hitchenor,2
hiu,1
hlawa,2
hlawatsch,1
hnarakis,4
ho,128
hoang,46
hoaresykes,1
hobbis,3
hobill,1
hobson,85
hochstadter,1
hochuli,8
hochwimmer,1
hodby,12
hodgens,9
hodgy,1
hodor,1
hoebee,3
hoebergen,4
hoehne,3
hoeller,2
hoelmer,3
hoepfner,5
hoerner,4
hoffman,132
hofhuis,3
hog,1
hoger,2
hoggan,5
hogge,1
hohn,6
hoistech,1
hol,1
holasek,2
holberry,1
holbery,1
holbrow,2
holburn,3
holdenby,1
holderhead,4
holer,5
holgar,1
holgate,23
holland-dukes,1
hollett,2
hollind,1
hollowood,1
hollworth,1
holme,25
holmyard,8
holna,1
holoubek,2
holsten,3
holthuis,3
holweg,4
holwill,2
holyhrim,1
holyoak,15
holyoake,3
holzbauer,2
holzner,3
homann,12
homles,1
homolya,1
hompoth,1
hondrovasilopoulos,2
honeychurch,29
honig-kangoo,1
honold,1
hoogendoorn,3
hoogesteger,1
hoogvliet,1
hoover,2
hope,180
hoque,2
horance,1
horkings,4
horriat,2
horsley,21
horstler,1
horswill,4
horta,1
horvathe,1
hosgood,8
hoshino,1
hosne,1
hosneara,1
hoss,1
hostler,2
hotich,1
hotota,1
houillon,1
houldsworth,5
houllis,2
houlson,3
houssenloge,1
houweling,2
hoving,2
howie,104
howlet,1
hows,2
howser,1
hoyland,5
hoysted,3
hozha,1
hristodoulou,1
hruby,1
hrynaewiecki,1
hrynczuk,1
hsin,1
hubczenko,2
hubner,3
hudd,20
huddy,45
huebner,9
hueneke,2
huettenrauch,1
hugelmann,1
hugen,3
huggins,22
huggonson,2
hughston-wynne,1
hujsak,1
hukowskyj,1
hulands,3
hulanicki,2
hulley,2
hully,1
hulston,2
humberdross,5
humphars,1
humphreys,93
humpreys,2
hund,1
hunns,1
hunting,5
hurem,4
hurkett,2
hurl,3
hursey,20
huseinovic,1
hushi,1
husseini,1
huster,1
husy,1
hutcheson,19
hutchieson,1
hutchines,1
hutiuk,3
hutten,1
huttlestone,2
huupponen,1
huverova,1
huxley,59
huynhn,1
huysse,2
hyakutake,1
hygonnet,1
hyland,198
hyles,10
hyrycz,3
iacopetta,12
iancar,2
iasenzaniro,1
idai,1
idini,1
idris,3
idzikowski,4
ierodiaconou,1
iffland,2
igag,1
ihnatko,1
ikea,1
ikeda,6
ikeguchi,1
ikonomou,11
ikpatt,1
ilczak,1
ileris,1
ilgen,2
ilicak,1
ilievski,2
iliffe,6
iliopoulos,4
ilitch,1
ilmberger,1
imanian,1
imgraben,4
imhof,2
imire,1
imison,2
inall,6
indelicato,1
indielid,1
inge,6
ingels,2
inglas,1
inglebret,1
inglese,3
ingley,1
innis,9
innocenti,1
inserra,1
inski,1
insley,2
intrapanya,2
inveen,3
iolovska,1
ionnidis,1
ions,1
iovino,7
ippoliti,3
irizarry,3
irons,19
irudayaraj,1
irving-rodgers,1
is,1
isakov,2
isgro,1
ishak,1
isio,1
iskra,3
ismakic,2
isobelle,1
isola,4
issell,2
iswaran,1
itinisoff,1
ito,3
iuka,1
iussa,2
ivanco,1
ivar,2
ivers,9
iviglia,1
iwase,1
jablouskas,1
jackermis,2
jackett,4
jacmon,2
jacobus,1
jacues,1
jacura,2
jadana,1
jaeck,1
jaffar,1
jaffe,1
jaffres,1
jagodnik,2
jagodzinski,1
jahic,4
jakab,1
jakimow,2
jakiwczyk,1
jaktman,2
jalayer,1
jaldiani,1
jamaludin,1
james-palmer,1
jaminon,1
jancek,2
janda,5
jandrea,1
janejka,2
janet,1
jang,6
janicek,1
jankiwsky,1
jankunas,1
jankus,6
janowicz,4
janowska,1
janowski,2
janusz,1
janzso,2
jaquiery,1
jaquillard,2
jardine,24
jaric,2
jarick,2
jasniach,2
jaudzems,6
jayaraman,2
jayaswal,1
jean,11
jeandupeux,1
jedynak,3
jefferys,8
jeffreson,4
jeffries,139
jehle,3
jehne,1
jeitner,1
jelenkovic,1
jelk,1
jember,1
jenei,1
jenje,1
jenko,4
jennion,1
jennions,1
jenvey,2
jermolajew,1
jervis,24
jeschke,5
jessen,14
jesser,40
jessup,97
jesurasingham,1
jetter,1
jevons,5
jewkes,1
jeyathevan,1
jeziorski,1
jezzard,1
jiang,14
jigede,1
jiggens,1
jillian,1
jimenea,4
jinks,12
jinmauliya,1
jirgens,1
jnguye nphamhh,1
joannou,11
joaquim,1
jobber,3
jobbins,5
jocobson,1
joel,4
joergensen,1
joinbee,1
jolly,301
jolta,1
joly,1
jonauskas,3
jongebloed,5
jongewaard,5
jongh,1
jonjic,1
jonnek,2
jonsson-harrison,1
joraslafsky,14
jorge,1
jorkowski,1
jormanainen,1
joseland,1
joselin,1
jouravlev,1
jovanovitch,1
jovcic,1
jover,2
jovicic,1
jozefowski,1
jozelich,2
jozic,1
jozwa,2
ju,2
juanta,4
judkins,2
juel,1
jugovac,5
jukic,13
julavdzija,1
julge,2
julian-bailey,1
julius,4
juma,2
jumamoy,1
junge,1
jungkyu,1
juntanamalaga,2
jurant,1
juraschek,2
jurdi,1
jurenka,2
juric,12
jurrah,1
juskevics,2
juskevisc,1
juzuf,1
kacic-bartulovic,1
kacir,1
kacopieros,1
kaddatz,2
kaderes,4
kadii,1
kaegai,1
kahadugoda,2
kahfi,1
kahl-smith,1
kahlon,4
kahnert,1
kaholi,1
kaim,2
kaithakulam,1
kakakios,1
kakko,5
kalaburnis,2
kalamaris,1
kalambakas,1
kaldy,4
kaleb,4
kalend,1
kalicinski,1
kalinowski,8
kalirajan,1
kalistis,1
kalitsounakis,2
kaljovic,1
kalka,2
kallis,2
kalma,2
kalmus,3
kalnins,17
kalogerakos,2
kalogeras,5
kambitsis,1
kambouras,1
kaminskas,5
kamler,1
kammerman,10
kammermann,41
kamp,10
kamruzzaman,1
kanagasabai,1
kandunias,1
kaneilopoulos,1
kanellos,7
kaney,1
kang,19
kania,1
kanikula,2
kanizay,3
kannangara,3
kannikorn,1
kantamessa,1
kanter,1
kao,4
kapadia,1
kapeen,1
kapel,2
kapeller,7
kapetina,1
kapioldassis,1
kaplan,7
kaplanis,1
kaploon,2
kapoor,5
kappe,2
kapusniak,1
karadinovski,1
karafilidis,1
karafilis,1
karafilloudis,1
karafyllis,1
karahalios,5
karakoulakis,2
karalus,2
karamanakis,1
karanikolis,1
karantonis,3
karasavas,2
karatasakis,1
karaterpos,1
karauda,1
kardwell,1
karimizandi,1
karipa,1
karkatsalis,1
karkazis,3
karling,2
karlovcec,1
karlsen,5
karolewski,1
karoussis,4
karpa,1
karpathios,4
karpfen,3
karppinen,1
karrannis,1
kars,1
karstaedt,1
karunadasa,1
karvelas,2
karvounaris,1
kasch,1
kasehagen,5
kaselow,3
kasinathan,2
kasotakis,1
kaspar,3
kassai,2
kassir,1
kassos,5
kassoudakis,1
kastelan,1
kastelik,2
kastrappis,3
katarski,5
katesook,2
katnich,3
katracis,1
katsaitis,2
katsiavos,4
katsicologos,1
katsikas,1
kattas,2
katzer,1
kaufman,10
kaufman hall,4
kauhanen,2
kaukov,1
kaun,1
kaunesis,2
kava,3
kavaleris,1
kavals,1
kaveberg,1
kavouklis,1
kaw,2
kawan,1
kaxhiro,1
kaylock,6
kayser,14
kayvas,1
kazimir,1
keane-stack,1
keaney,3
keany,7
kearnes,10
keatch,9
kecskes,1
keeble-buckle,1
keel,3
keelty,1
keepence,3
kees,2
kegge,1
keiski,1
keith-ladhams,1
kelaart,3
kelakios,3
keldher,1
kellar,4
kellerman-clarke,1
kelley,61
kellogg,3
kellow,22
kemenyvary,4
kemish,1
kemmif,1
kempe,36
kempson,10
kempton,15
kemsley,7
kenafacke,1
kenakidis,2
kenche,1
kennaway,7
kennealy,9
kennerley,7
kennion,1
kennison,5
kenpster,1
kent-burford,1
kentsch,1
keoh,1
kepple,1
kerbellec,1
keri,3
kerkham,22
kerkhoff,3
kerkhofs,1
kerkvliet,2
kerley,47
kermeen,9
kerney,3
kernutt,1
kerr-sullivan,2
kerrod,1
kerschke,2
kerslake,56
kerslake-ling,2
kert,1
kervers,4
kesseck,1
kessegian,1
kestermann,1
ketelaars,1
ketoglou,1
ketter,1
kettewell,2
kettleton,1
kevic,1
keville,1
kexel,1
keyhoe,1
keyworth,1
khaleeq,1
khalid,2
khaliq,1
khalu,1
khammash,5
khanbhai,1
khandker,1
khanthavongsa,4
khelghati,1
khider,1
khodan,1
khom,1
khouzan,1
khuc,3
khut,2
kibby,1
kibukamusoke,1
kiczurczak,2
kidner,3
kidsley,2
kiea,1
kiebach,1
kiek,2
kielczewski,1
kielstra,1
kiernan,18
kiesewetter,2
kight,1
kiker,1
kilbuen,1
kilby,37
kilham,2
killick-moran,1
killin,3
killingbeck,3
killington,1
killip,2
kilmartin,21
kilponen,1
kimmonth,1
kinal,1
kincaid,5
kindavong,2
kindblad,2
king-harris,1
king-jones,3
kinghorn,4
kingscott,1
kingsley,26
kingswell,3
kinnane,31
kinniburgh,2
kinniff,2
kinsele,1
kinter,11
kinzett,2
kiosses,11
kioussis,2
kirana,1
kirasak,1
kirby-fahey,2
kirchener,2
kireev,1
kirimovs,1
kiripolszki,2
kirkmoe,3
kirkness,1
kiroff,3
kirste,1
kirton,3
kisch,1
kiss,28
kissling,1
kitas,1
kitche,1
kitney,1
kitzelmann,1
kiukucans,1
kivrins,1
kiziridis,1
kizmanic,1
kjaer,1
klanarong,1
klander,3
klees,2
kleiner,4
kleinstueck,1
klekociuk,5
klemencic,3
klemm,51
klemse,1
kleve,1
kliem,2
klimkiewicz,1
klimowski,1
klingohr,1
klinovski,5
klintukh,1
klisch,2
kljaic,1
klopfer,1
kloth,1
kloubek,3
kluge-vass,1
klugman,2
klus,2
kluske,41
kmitas,1
knapman,13
knappstein,17
kneal,2
knell,1
knerr,1
knipler,1
knoblich,1
knockolds,1
knoester,2
knoing,1
knopf,1
knowling,16
knuplez,1
knynenburg,2
kobotheclas,2
kobus,1
kochiwama,1
kocholla,1
kocini,1
koeford,1
koelman,4
koeman,1
koenders,6
koennacke,1
koerbin,6
kofler,2
kogon,1
kohansal,1
koivisto,1
kokins,1
kokkotos,3
koklas,1
kokorinos,3
kolabinski,3
koldea,1
koldej,1
kolednik,2
kolodina,1
kolodziejczky,1
kolosche,5
kolowca,1
kolton,1
kolze,2
komaris,1
komenza,1
kominek,2
komsic,2
kon,6
kondakov,2
kondo,1
kondraciuk,1
kondratavicius,2
kondylakis,1
kongkerntune,1
kongmalavong,2
konistis,2
konitsis,1
konopacki,2
konstad,4
konstantinopoulos,1
kontibas,4
kontogonis,6
kontopoulos,6
koolen,3
koopman,17
kooyman,7
kooymans,5
kopecki,3
kopernick,1
kopetow,2
kopievsky,2
kopilas,2
koppan,3
koral,4
koranjis,1
korbut,2
kordic,2
korff,8
korfia,1
koricic,1
korman,1
kormendy,1
kornetzke,2
korniotakis,1
korolija,1
korompay,1
koroneos,1
korponay,1
korrelvink,1
korth,1
kosch,4
koschelew,3
kosewicz,1
kosich,1
kositcin,2
koslowicz,3
kostantakis,2
kostaras,1
kostelnik,1
kostoff,5
kostovski,2
kostrej,1
kostrzynski,2
koszorus,2
kotal,4
kotaro,1
koteschel,2
kothe,3
kotowski,2
kotsiomitis,2
kotsomitis,1
kotzbeck,1
kotze,4
kouba,4
kouimanis,5
koulenios,1
koulianos,12
koulizos,5
koundouzis,1
kounis,5
kountourogiannis,1
kourou,2
kousiandas,3
koussidis,2
koutlakis,8
koutoulogenis,1
koutsaimanis,1
koutsoubos,1
kouvelis,1
kouvoussis,2
kouzaba,2
kovacic,17
kowald,65
kowanko,2
kowcza,1
kowlessar,1
kowplos,2
kowtun,3
koziol,8
kozlowska,1
kozoolin,4
kozubiewicz,1
kozuh,1
kradolfer,4
kragelius,1
krajcinger,1
krajewski,3
krajnc,2
kraly,1
krambousanos,1
kramsamy,1
kranenborg,2
kranic,3
kranz,41
krasioukova,1
krasts,1
kratschmer,1
kratz,1
kratzer,1
krauklis,1
kray,2
krecinic,1
krecmanis,1
krecu,3
kreft,2
kreibig,4
kremneff,4
krempl,1
krenske,2
kreymborg,2
kriaris,2
kriekenbeek,3
kriesel,1
krige,2
krile,3
krishnan,9
krishnananthan,1
krist,4
kristalyn,1
kristens,1
kristoff,1
krisvoshev,1
krivenkov,1
krivitch,1
krivushenko,1
krix,6
krochmal,1
krollig,29
krombholtz,1
kromwyk,8
krone,1
kronquist,1
kroopin,1
kropinyeri,5
kropman,1
krouch,1
kruck,2
kruhse,4
krupa,2
krvavac,1
krzemionka,1
krzempek,1
krzoska,1
krzys,5
krzyszton,1
kubenk,11
kudahl,1
kue,1
kuehlich,2
kueval,1
kuhadasan,1
kuhlwind,1
kuhndt,8
kuiters,1
kujala,1
kuki,1
kukla,3
kuklin,1
kulacz,3
kulas,11
kulbach,2
kulesza,8
kulikovsky,4
kulkarni,1
kullmann,1
kulshrestha,2
kuma,1
kumaran,1
kumaranayakam,1
kumarasamy,2
kumpus,3
kunia,1
kunik,1
kunoth,10
kupcs,1
kuras,2
kurasiak,1
kurr,4
kusel,1
kushelew,3
kushnir,2
kuskie,2
kusnezow,3
kustrin,1
kusuma,2
kusunoki,2
kutni,1
kutschki,2
kutzmanovic,1
kuzmicz,1
kuzmycz,2
kuzniarski,3
kvapil,1
kwesius,1
kwiatek,3
kwik,2
kwoun,1
kyne,4
kyprianoy,1
kypriz,1
kyratzoulis,3
kyriacou,48
kyriakos,1
kyriakou,2
la falce,3
la lande,1
la palombara,3
la porte,2
la rance,2
la roche,5
la tone,1
la-kryz,1
laanekorb,2
labarthe,1
lablack,5
labrin,2
labrinadis,1
laburn,5
lacanan,1
lace,8
lacis,2
lackner,6
laczko,1
ladaniwskyj,3
lademan,7
ladgrove,1
ladiges,1
ladyman,5
laferi,1
laforet,1
lafsky,2
lagarde,1
lagerewskij,6
laggan,1
lagrone,1
lahey,24
lahska,1
lahz,3
laik,1
lail,2
lainez,1
laing,112
lajos,3
lakis,1
lalagaresi,1
lalusic,5
lamacka,2
lambden-stewart,3
lambert-smith,2
lamberton,6
lambertus,1
lamborn,3
lamborne,2
lambrinos,6
lambropoulos,9
lambton-young,1
lamdin,2
lamkin,7
lamonaca,2
lamotte,1
lamprell,3
lamprey,74
lamprill,3
landau,10
landauer,2
landhurr,1
landini,1
lando,3
landon-lane,1
landone,1
landow,1
laney,8
langer,9
langi,1
lango,2
langrehr,6
laning,12
lansbury,1
lansdell,19
lansford,1
lante,6
lantzke,3
lanyon,38
lanzotti,6
laohaphan,1
lapic,1
lapico,1
lapienis,1
lapies,2
lapsley,3
laraibi,1
larder,1
larenas,4
larg,2
large,59
laria,5
larocca,4
larrisa,1
larslen,1
lasalle,1
lascala,1
laskaridis,2
lass,1
latchmi,1
lategui,1
latella,4
lath,1
lather,1
lathouras,6
lathouros,3
latifi,1
latzer,1
lauchlan,1
laucht,2
laudereau,1
lauffenburger,1
laughlan,2
laundon,4
laundy,27
laurendi,4
lauret,1
laurier,1
laurikainen,2
lauss,2
lavel,1
lavender,34
laverick,7
laverty,46
lavigne,3
lavingdale,1
lavis,27
lavokovic,1
lavrencic,4
lawsuba,1
lays,1
lazaraki,5
lazare,2
lazaric,1
lazaroff,8
lazauskas,2
lazir,2
le bars,1
le bombte,1
le cooke,1
le goy,1
le grand,6
le griffon,1
le guern,1
le lacheur,3
le leu,9
le lievre,18
le messurier,19
le mottee,3
le-che,1
le-leu,1
leadbeatter,1
leaf-milham,2
leaford,4
leah,4
leamy,1
leane,64
lease,2
leatham,4
leaver,58
leavold,2
lebani,1
leblond,3
lebretton,1
lebrique,3
lechki,1
lecke,1
lecky,1
lederthoug,1
ledeunff,1
leditschke,16
ledsham,2
ledwell,4
lee-jones,1
leembruggen,1
leesong,6
leesue,4
leeuwenburg,3
leferink,1
leger,2
leggio,3
legzdins,1
lehane,6
leicester,16
leicht,3
leishman,21
leissner,1
leitis,4
leleika,1
lelic,1
lelievre,1
lember,1
lemke,12
lemmer,4
lemonn,1
lena,8
lenart,1
lenartowicz,7
leney,1
lengerink,1
lennig,1
lenzi,10
leon,22
leonardi,12
leonardos,5
leonavicius,4
leong,56
leoni,4
leonid,1
leppard,15
lero,3
leroi,2
lerwill,1
les,4
leschner,1
lesevre,2
lesinger,1
lesiuk,5
lesiw,1
lesker,1
leslie,181
lesurf,1
leszczynski,8
lete,1
letford,4
lette,39
leung,59
leupi,2
leveritt,1
levet,2
levicki,1
levykin,1
lewan,7
lewincamp,3
lewis-brown,1
lewis-shaw,1
lewkowicz,6
leybourn,1
leythamm,1
liambis,3
liapis,8
liar,1
liaudinskas,2
liberts,4
libikas,1
librandi,24
licciardello,2
liccioni,1
lichacz,1
licitis,3
licourinos,1
liddy,44
lieben,2
liebenberg,1
liepe,1
liersch,17
liesegang,1
lifshack,4
ligas,5
lighten,3
liguoro,3
lihou,13
lilee,1
lill,19
lillicrap,2
lillie-hinrichs,1
lilly,2
lillycrapp,1
limbach,1
limbert,16
linberg,2
lindau,2
lindesay,1
lindeyer,1
lindholm,15
lindorff,1
lindschau,5
linedale,2
lingbeek,3
linggood,2
linnell,29
linssen,5
linwood,2
liolios,4
lionis,7
lipinski,4
lipovic,1
lippett,7
lipscomb,4
lipscombe,29
lipsett,4
lipton,5
lira-gonzalez,1
lisacek,3
lisiak,6
lisners,1
lisowski,2
lissner,10
lisy,1
liteplo,1
litfin,1
litten,3
littge,1
littlely,7
littman,3
liuzzo,1
lizzi,1
ljevak,1
ljostad,2
ljubic,7
ljubisic,1
lloydd-wright,2
lo-sapio,1
lobert,2
lobzin,6
lock,282
lodder,5
lodge,149
lodiong,2
lodovici,2
lodum,1
loeding,1
loehr,4
loggie,2
logli,2
logvinski,1
lohberger,2
lohe,7
lohmann,15
loke,6
lokusooriya,1
loli,1
lolias,1
lombardi,47
lomman,70
lomp,2
londesborough,1
londrigan,1
longden,19
longhurst,32
longman,28
longo,51
lonie,10
lontoc,1
loofs-wissowa,1
loomes,2
loong,1
loos,3
loosmore,9
lootens,1
loprespi,1
lorraway,1
losberg,1
losco,1
lotswin,1
lotu,1
louca,8
loughrey,1
loukes,3
loukopoulos,3
louloudias,1
lount,3
loupos,1
loutakis,1
loutsis,1
loveland,3
lovelock,54
loverence,2
lovi,1
lowe,574
lowrence,1
lowry,82
lowson,3
lozoraitis,2
lu-bow,1
lu-dizon,1
lubawy,3
lubbe,4
lubulwa,2
lucadou wells,2
lucas-perring,2
luchetti,3
luchko,1
luckens,5
luckman,17
lucock,4
lucyk,1
luddy,2
ludeke,4
ludgate,17
ludowici,1
ludski,1
ludzioweit,2
luglaetti,1
lugsden,2
luher,1
lukasiewicz,1
lukaszewacz,1
lukehurst,5
lukeman,8
lukomski,1
lukomskyj,1
lukosius,5
lukunic,1
lumabas,1
lumbars,1
lume,2
lund,38
lungershausen,2
lungwitz,1
lunter,1
lupoi,10
lupone,1
lusambili,2
lusted,12
luteria,1
luters,1
luthra,2
lutz,30
luvisi,1
luyendyk,1
luzecki,3
lvarga,1
lyddon,4
lyden,20
lydon,7
lygtenberg,1
lyllywhite,1
lymberis,5
lynema,3
lyntch,1
lynton-moll,1
ma,40
ma'ake,1
maasepp,1
maax,1
maberley,1
mabokmarial,1
mac an,1
mac crosty,3
mac donell,4
mac gennhan,1
mac ginley,1
mac h,4
mac halski,1
mac hentsew,1
mac kell,3
mac kinder,4
mac knight,2
mac krow,2
mac leavy,1
mac neal,1
mac neill,6
mac onochie,2
mac partland,1
mac quarrie,1
mac ura,1
macarlino,3
maccann,1
maccrum,1
macgowan,32
macha,1
mackinlay,10
mackowiack,1
maclaine,17
maclel,1
maclennan,12
maclucas,5
macphail,4
macraild,1
maczkowiack,38
madadi,1
maddecks,1
maddon,2
madeira,1
madera,2
madge,6
madhaven nair,1
madigan,73
maetze,4
mafopust,1
mafra,1
magaletta,2
maganga,1
magaton,1
magaw,1
magazin,4
mager,3
magerl,2
magnusdottir,1
magripilis,3
mahaffey,3
mahajani,1
mahamoud,2
mahim,1
mahmoud,4
mahmud,2
mahomed-gleeson,1
mahon,38
mahony,61
maida,2
maier,32
maihua,1
mailo,1
mainero,2
maingay,3
maingot,2
mainprize,3
mainsbridge,8
mainwood,1
maitianos,5
maizen,2
majchrowska,1
majdak,2
majdandzic,1
majetic,4
majid,3
majidi,1
makarouchkine,1
makedonez,1
makina,1
makkonen,2
makovetsky,2
makropoulos,1
maksim,2
malabar,1
malack,1
malala,1
malbasic,3
malbon,3
malcholm,3
malcolmson,1
malcos,1
maleganeas,2
malesic,1
maleszka,1
malev,1
malibiran,1
maliel,1
malin,21
malinauskas,2
malingre,1
maliphongs,1
maliyasena,1
maljik,2
malkoun,1
malladi,1
malliff,1
mallion,1
malloch,2
malloney,2
malor,2
malpas,15
maltman,3
malvern,1
malvestuto,1
malzard,6
mamac,1
mamarika,8
mamczak,1
manalac,1
mancic,1
manconi,1
mandica,6
mandry,1
mandusic,1
manfield,32
manfong,3
mangafas,1
mangels,2
manger,3
mangini,3
manias,5
manicastri,1
maniotto,1
manisty,1
manita,1
manivone,1
mankowski,1
mannern,1
manock,3
manos,13
manousos,2
mansford,2
manskey,5
manson,82
mansoori,2
manteit,1
mantel,3
manthongsy,2
manthorpe,18
mantovan,2
mantovano,3
manyem,1
manzie,5
mao,11
mapham,4
mappas,1
mapstone,2
mar fan,1
marado,1
marampon,1
marc,1
marcaros,2
marceau,3
marceta,2
marchenko,1
marchetto,2
marchiori,1
marcic,2
marcola,1
marczuk,2
margles,1
margrie,7
margriso,1
margush,4
mariager,2
marilyn,1
marin-ulloa,1
marina,2
marine,1
mariner-schrenk,1
marinos,19
marjoribanks,4
markakis,2
markellos,5
markijevic,1
marklew,1
markotany,7
markoulli,2
markov,7
markowski,14
markulic,1
marlow,40
marous,4
marousakis,1
marovich,1
marpaung,1
marrable,3
marring,1
marris,11
marroncelli,2
marsella,2
marshal,5
marshell,3
marshman,48
marsom,1
marson,14
marson-pidgeon,1
martello,2
martin-jard,1
martinello,9
martinic,1
martinovic,9
martinson,7
martlow,3
marveggio,2
marvell,3
marwaha,1
marzec,5
marzilli,2
masciantonio,2
masen,2
mashberg,1
masiello,1
masitto,1
maskiell,3
maslac,1
maslich,1
masnicki,1
masolatti,2
mason,790
mason-foweraker,1
massara,1
massoumi,1
mastantuono,3
mastin-smith,2
mastins,1
mastripolito,1
mastrippolito,1
mastroieni,2
mastrosavas,4
mataj,1
mate,6
mateos,2
matern,2
mathason,2
mathe,6
matias,3
matisz,1
matoga,4
matson,49
matthews,1029
matthiessen,6
matuschik,1
matzka,1
maureen,1
mauric,3
mavity,1
mavrangelos,3
mavrogenes,1
mavromihalis,2
mawlai,2
mayer,52
mayling,1
mayman,9
maymuru,3
maynard,232
maytisathit,1
maytum,1
mazek,1
maziakowski,2
mazionis,1
mazitelli,1
mazurek,10
mazurkiewicz,7
mazzocchetti,2
mazzon,1
mazzone,47
mcahon,1
mcallion,1
mcandrew,13
mcanna,2
mcard,2
mcaulisse,1
mcauslan,4
mcbryde,14
mccaffrey,19
mccagh,1
mccalman,3
mccalum,1
mccambley,1
mccandlish,1
mccarter,7
mccarthy,620
mccaskil,1
mccausland,12
mcclare,3
mcclarty,4
mcclatchy,1
mcclay,8
mcclelan,1
mcclelland,52
mccloskey,6
mccol,1
mccollam,3
mccolough,1
mccombe,7
mccombes,1
mccomiskie,1
mcconnal,1
mcconnel,4
mcconvell,1
mccosker,6
mccourtie,4
mccowat,5
mccracken,43
mccrohan,4
mccrum,3
mccully,6
mccurdy,9
mcdaid,3
mcdermid,18
mcdermitt,1
mcdonnell-davis,1
mcduffie,2
mcelhinney,8
mcelwee,26
mcentyre,1
mcfadden,32
mcfeeters,8
mcgahey,9
mcgain,1
mcgargil,1
mcgarrigan,13
mcgarty,2
mcgilchrist,4
mcginity,4
mcgirr,8
mcglinn,7
mcgrechan,1
mcgregor,277
mcguren,1
mcgurk,18
mchenry,36
mchughes,4
mchutchinson,1
mcilvain,1
mcilvar,5
mcilvride,1
mcinerney-smith,1
mcinnes-shelley,1
mcjannett,6
mckaig,2
mckane,9
mckanna,1
mckearney,2
mckerlie,37
mckiernan,8
mckimm,1
mckinnell,23
mckirdy,5
mckitrick,1
mckone,9
mckoy,1
mclachlam,1
mclafferty,6
mclaine,12
mclaren-gates,1
mclarty,5
mclelland,11
mclennan-heigl,1
mclochlan,1
mcloed,1
mcmahan,1
mcmanaway,1
mcmasters,1
mcmellon,7
mcmullen,53
mcmurdo,8
mcneeley,2
mcneill,106
mcnicholl,10
mcnidholl,1
mcpeace,1
mcphail,49
mcpharline,1
mcphie,15
mcqualtei,1
mcsheffrey,2
mcsorley,7
mcsporran,8
mcstay,1
mcsweyn,3
mctague,1
mctier,4
mcturk,7
mcveigh,16
mcvey,13
mcvicar,28
mcvilly,27
mcwhirter-whitlock,1
mdonald,1
meaby,1
meachan,3
meacher,1
meacle,1
meadows,40
meager,2
meale,8
meaney,101
meares,11
mearns,8
mech,2
medaris,1
medcof,1
meddings-blaskett,3
mediratta,1
mednis,4
medved,5
medwig,1
meeking,5
mees,5
meffre,1
megic,1
megovimovic,1
megram,1
meidl,1
meijs,1
meinecke,2
meinhold,4
meisel-dennis,1
meixner,9
mekler,1
melandri,1
melendez,2
melenzed,1
melhado,1
melham,2
melin,4
melissourgos,2
mellas,5
mellick,6
mells,3
mellsop,1
melzner,4
memeniman,1
memovic,1
menache,1
menard,2
mendrin,5
menetrey,1
menghini,1
menke,2
menken,1
menpes,2
menssen,1
mentasti,2
menteith,1
mentis,2
menzies,107
mepstead,2
mercae,1
merckenschlager,2
mercorella,48
mercovich,2
merenda,9
merghani,1
merkoureas,1
mermer,1
mernitz,2
merola,4
merryfull,1
mertes,1
mertheringham,1
mesecke,41
mesidis,1
mesiti,1
mesnill,1
messinese,1
mestrov,3
metaxiotis,1
metherall,1
metherell,6
meucci,1
meuli,1
meulink,1
meuris,7
mew,14
mewett,43
mewha,1
mexon,2
mexted,3
meyhandan,1
meyler,1
mezhvinsky,4
mezic,4
mezzomo,2
mguyen,1
miar,1
miari,2
miatt,2
micairan,2
micek,2
michail,6
michailou,1
michalatos,1
michalek,14
michaux,5
michelmore,56
michielan,5
michopoulos,1
micke,4
mickelsen,1
micola-von-furstenre,1
middlebrook,4
middlehuis,1
middlemis,1
middlin,4
miell,11
miels,44
mierisch,6
miezitis,5
mihailevs,1
mihajlovac,1
mihal,6
mihalenko,1
mihart,1
mihaylov,2
mihelcic,2
miholos,1
mijatovic,3
mikajewski,3
mikas,1
mikeska,1
miki,1
milburn,64
milcs,2
mildren,52
miles,303
milevoj,1
miliano,3
milisavljevic,1
milkins,8
millane,7
millanta,1
millar,262
millemaci,1
miloloza,2
milosevski,2
milota,2
milovancev,2
milter,3
milway,2
milwright,1
milycha,1
minards,5
mincher,4
minchin-king,1
minchinton,3
mineely,1
minero,1
minh,4
minner,1
minnican,2
minniecon,2
minnock,1
minol,3
minorchio,3
minter,9
minther,2
minto,6
miocevich,1
miotto,6
mir,2
miranda-veloso,1
miraneu,1
mirkovic,2
mirritjawuy,1
misagh,1
mislov,12
misner,3
misopopas,1
misrachi,3
missaridis,1
mitakidis,1
mitchel,3
mitchell-collins,3
miteff,7
miteloudis,2
miteva,1
mitigas,1
mitric,4
mitsotoulos,1
mitsoulis,2
mittelstadt,1
mitton,54
mixon,1
mizerski,2
mizielinski,1
mizon,5
mizuno,1
mkandala,1
mo,5
mobers,1
moble,1
moder,2
modystach,12
moegreen,2
moerkerke,1
moerland,3
moerman,5
mogavero,2
mohammadi,1
mohammod,1
mohring,3
moine,1
mokros,1
moldavtsev,1
moldehn,2
molemoeng,1
molineaux,2
molkenthien,1
mollaj,1
molland,3
mollard,2
mollart,2
mollross,11
moltow,1
molyneaux,1
momcilovic,3
monaco,13
monaghann,1
monasterio,1
monba,1
monda,5
money,7
monis,6
monjean,9
monola,3
monotti,1
monshizada,1
monssen,1
montalvan,1
montalvo,3
montandon,1
monteleone,33
montfort,2
montfrooy,3
montgomery-quin,1
montroy,4
montuori,4
montz,1
monz,1
moody,152
moog,2
moolenaar,2
moorby,12
moorcock,1
moore-crouch,1
mor,2
morata-plaza,1
morato,2
morby,3
morcom,61
morden,6
mordeniz,2
morecroft,6
moreira,1
morell,4
moren,2
morganti,2
morio,1
morioka,1
morissey,1
mormina,1
morra,1
morrish,21
morrison,614
mort,11
morter-grant,1
mortiner,1
mortlock,26
morton-jones,1
moscarda,2
moscatt,7
mosheev,2
moshos,4
mosk,1
moskwa,5
mosman,3
mosmondor,1
mossman,6
mosti,1
mostris,2
mostyn-smith,1
motbey,8
motyka,1
moua,1
moubarak,7
moucho,1
mouglbay,1
moujalli,1
moulton,23
moun,3
mounce,7
mounzer,3
mourtaroglou,1
mousellis,3
mouser,2
moustos,3
moutsatsos,3
moutsokapas,1
movall,1
mowling,1
moyse,36
mposu,1
mrosek,1
mrozinski,1
mrvelj,2
msapenda,1
muallem,1
mucolloch,1
mudaliar,6
muder,1
muehlberg,3
mueller-dyer,1
muenchow,5
mugo,1
muhanna,1
muhldorff,3
muhsam,2
muir-cochrane,1
mujmanovac,1
mukans,2
mukavec,1
mulcare,1
mulconray,2
mulgan,1
mullavey,4
mullin,24
mullner,5
mulquiney,4
mulree,1
multa,1
mulvey,6
mulvie,2
mulville,1
munam,1
munford,6
munforti,2
muniswamappa,1
munuggur,1
munyarryun,4
muongsene,1
mur,3
murabito,4
muraya,1
murphy-dorsett,1
murry,7
murtha,3
murton,41
musca,1
muschamp,2
muskee,6
musolino,116
musovic,1
mussell,1
mustac,3
musto,2
musumeci,2
mutavcic,1
muthukuda,5
mutikainen,1
mycko,3
mydlak,3
mykyta,3
myles,46
mylne,2
myriti,2
mysko,7
naar-cafentas,1
nabi,2
nabialek,3
naborlh borlh,1
nachazel,1
nadels,5
nadin,2
nadolny,2
naegler,1
naess,1
nagaria,1
nahalewicz,1
naidu naidu,1
najm,2
nakahara,2
nakone,4
nalecz,1
nalpantidis,6
nammensna,1
nampjnpa,1
namundja,2
nand,4
nannini,2
nanos,2
nanuan,1
naoum,3
naoun,1
napora,2
nappo,1
narayana,3
narinder,1
narracott,9
narulla,1
nascivera,2
nass,1
nassaris,2
nassau,3
nastopoulos,1
natsiopoulos,2
naum,1
naumoska,4
navalli,1
navarro,13
navatu,1
naveda,1
nayilibidj,1
nazzocchitti,1
ndambuki,1
neadle,1
neailey,2
neander,8
nearhos,1
nebl,1
nedaie,1
nedcraft,1
nederpel,3
neeb,3
needham,53
neelagama,1
neeland,1
neff,2
nefiodovas,3
negash,1
negent,1
negerman,2
negnevitski,1
negrean,1
negri,10
negrin,3
neighan,1
neik,1
neill-fraser,1
neimoeller,1
neitzel,1
nekar,1
nekoee,1
nel,4
nelmes,7
nelsen,17
nelson-field,1
nemec,8
neol,1
neophyton,1
nerlekar,1
nesgos,1
nesham,3
nesich,1
netherton,12
netteefold,1
nettlefood,1
nettleford,1
neuendorf,5
neufeld,1
neufing,1
neumann,114
nevard,1
neveceral,1
neville,148
nevin,21
nevis,2
nevjestic,1
newberry,23
newbould,6
newbound,15
newbown,3
newel,1
newey,12
newns,3
newport,29
newton-howieson,1
newton-smith,1
newton-tabrett,4
neyens,1
neyle,1
neylon,14
ngadi,1
ngai,10
ngei,1
nguyen,974
nguyen-do,1
nguyen-humphrey,1
nicely,1
nicker,1
nickerson,1
nicklason,18
nickolai,26
nicolaides,3
nicolakopoulos,1
nicoletti,3
nicoll,29
nicolle,77
nicoloulias,3
niddrie,6
niebling,1
niederkofler,1
niekel,3
niemietz,1
nieminski,1
nieuwendyk,2
nieva,4
nijhawan,1
nika,1
nikakis,1
nikiforova,1
nikkerud,3
niklaus,4
nikolai,4
nikolec,1
nikolenko,1
nikolich,1
nilssen,2
nimmett,1
nimnualsan,2
nimpis,1
ninchich,1
ning,6
nirrpuranydji,1
nirta,8
nishizana,1
nite,1
nitereka,1
nitsolas,1
niznik,2
nizynski,3
no,1
noack,83
nobay,1
noble,452
nocella,1
nofi,2
nogueria,1
nohdnoor,1
noisier,1
nojima,1
non,1
nonas,4
nong,2
norday,1
nording,1
norgate,5
normandale,6
normanington,1
norrison,1
northway,14
norton-baker,6
norvill,4
noslanta,1
notarianne,1
noter,1
nou,5
nourath,1
nouruzi,1
novacek,2
novak,50
novick,1
novis,2
novitski,1
novotny,2
nowaczyk,1
nowakowska,1
nowers,1
nowickys,1
nowlan,5
noyce,29
noyen,3
nozhat,1
nozoma,1
nozza,2
nuan,1
nubel,1
nudl,2
nuebauer,1
nuh,2
numina,1
nun-belton,1
nunggumajbarr,1
nunthalath,1
nunzio,1
nurse,16
nurwahyudi,1
nutter,5
nutton,1
nuttycombe,1
nuwandjali,1
nyakuengama,1
nye,20
nyeng,1
nygaard,4
nyiro,2
nykamp,4
nylander,2
nysten,4
nyunt,2
o'casey,1
o'connel,1
o'day,10
o'farell,1
o'flynn,5
o'garey,8
o'goerk,1
o'hea,2
o'kronk,1
o'malveney,1
o'neall,3
o'nieil,1
o'range,1
o'shannessy,19
oake,5
oaks,5
oatey,10
oats,54
obajdin,1
ober,2
oberdorf,3
oberfichtner,1
obersteller,2
obkircher,1
obod,4
obringer,1
obsivac,2
occleshaw,2
ochernal,1
ockwell,1
oclee,1
oddy,8
odfeldt,1
odontiadis,2
oest,4
offoin,1
ofrecio,1
ogareff,2
ogborn,1
ogi,1
oglanby,2
oglivy,1
ogston,4
ohlin,3
ohsson,1
ohurra,1
oi,1
okely,7
okita,1
okla,1
okolski,1
okoniewski,3
okubo,1
okulewicz,2
ola,3
olbrei,1
olechwicz,1
oleksinski,1
olender,1
oleszcuk,1
oliphamt,1
olivares,1
oliveri,4
ollett,3
ollis,2
ollivier,4
ollwitz,4
olveczka,1
omari,2
omay,1
ongkiko,1
ongley,17
onklundee,1
onorato,4
onus,2
oo,6
oolgaard-snijder,1
opbroek,4
opitz-bockmann,1
opsima,1
orban,2
orbons,3
orchard,79
orchid,1
ordasi,1
ordogh,2
orefice,2
oreilly,2
oreskovic,5
orian,2
orkney,2
orledge,1
orlick,1
orlovic,6
orme,18
oroogi,1
orouke,1
orpwood,13
orr-young,2
orzelek,1
osfield,2
osgerby,1
osgrove,1
oshaughnessy,2
ospapuk,1
ossadtchouk,1
osseweijer,1
osteraas,1
osterman,3
ostrovski,1
ottens,37
ottery,1
ottewell,10
otto-coats,1
oulsnam,2
oussatchev,2
outred,3
ovanesyan,1
ovaskainen,1
ovens,13
overheu,1
overington,4
overman,1
overmeyer,3
owerko,3
oxenbould,1
oxenbridge,1
oxley-wakeman,1
oyevaar,3
ozdowski,2
ozhylovski,2
ozimkowski,1
ozimo,1
ozkan,1
ozog,1
pacevicius,1
pacey,19
pachett,1
paciorek,1
packenham,4
pacor,5
padas,1
padbury,3
paddon,4
padgham-purich,1
pados,2
paduszynski,1
paepke,1
paffett,1
pafumi,1
pagac,2
pagden,3
page-hannaford,1
pagoda,4
pahlow,2
paine,125
painter,42
painton,2
paitaridis,3
paize,1
pajer,1
pajkovski,1
pajkowski,1
pajo,1
pajovic,1
pak,2
pakizeh,1
pakos,2
pakpoy,1
pakulis,1
palachicky,2
palaktsoglou,2
palamaris,2
palasis,2
palecek,6
palen,1
palethorpe,7
palles,1
palli,1
pallot,5
palmen,2
palmeri,1
palumbos,1
palverso,1
pamalia,1
pamnany,3
pamplin,2
pampling,2
panagaris,8
panagiogivis,1
panagiotakopolos,1
panaguiton,1
panajotovic,1
pananaki,1
panchaud,1
pandouras,1
panelis,1
panigiris,1
panitzki,1
pannenburg,4
panquee,1
pantazopoulos,4
pantel,1
pantich,2
pantos,6
papacharalambous,1
papadontas,1
papageorgiou,37
papaloukas,1
papandreou,3
papanikolopoulos,3
papanotis,4
papathomas,3
papazacharia,1
papazacharoudakis,2
papazafiropoulos,3
paphitis,4
papij,2
papoulas,1
papoutsanis,1
papoutsis,1
papp-horvath,1
paragalli,6
paraniuk,1
parashar,1
parasier,1
paraskis,1
pardey,3
pardy,1
parer,1
parfilo,4
parken,10
parkitny,3
parmakli,1
parodi,3
parpoulas,1
parr,88
parreira,1
parremore,24
parsons-lord,1
partyka,1
pasalic,7
pasaricek,1
pascale,28
paschalidis,6
paschalis,2
pasco,1
pasco-gilroy,1
pascoe,208
pascu,1
pasieczny,1
paskins,1
passalacqua,3
passari,2
passell,1
passera,3
passmore,41
passone,2
pastars,4
pasternak,2
pastore,5
patafta,7
pateros,3
paterson,455
patience,10
patini,3
patson,1
pattichis,1
pattie,4
pauch,1
paukovits,1
paulit,7
paulka,3
paulsen,9
paulsson,1
paveley,1
pavicic,3
pavin,1
pavli,8
pavlick,1
pavlos,2
pavlovcic,2
pawliszyn,1
pawsey,8
pazniewski,1
pcpeake,1
peacey,1
peachey,31
peady,1
peckett,2
peddell,1
peddie,3
pedersen-jones,1
pedruco,2
peeble,1
peena,1
pegg,29
peglidis,3
pegolo,1
pegum,1
pehlivanides,2
peiker,2
peitersen,1
pekarsky,1
pelchen,1
pelic,1
pelikan,2
pelliccia,2
pelling,13
pellos,1
pelser,1
pembroke,6
pemper,2
penaluna,8
penberthy,10
pendergrast,7
pendes,1
pendle,10
pendrill,1
penelope,3
pengler,1
pengryffyn,1
penhalluriack,1
penhallurick,1
penikis,1
penm,3
pennell,25
pennill,3
penno,28
pennycuick,6
penprase,2
penquitt,1
penry,1
penso,1
penver,1
peppe,1
peraic,3
perdikis,2
perdriau,1
perduns,1
perelaer,1
pereyra,4
perfetto,1
peries,1
perin,24
perissini,1
perl,1
permyakoff,1
perner,1
pernini,3
peronace,3
perre,30
perriam,15
perroux,1
perrow,3
persin,1
persing,1
perth,1
pervical,1
pesari,1
pesch,6
pesec,1
peshti,1
pesti,1
pestka,5
petchkov,1
petelski,1
petersen,191
petery,1
pethers,3
petith,4
petito,5
petraschka,1
petravic,1
petrian,1
petricca,1
petrikas,1
petrikowski,3
petrillo,5
petrinec,1
petrinolis,1
petrunic,3
petruschenko,1
pettiford,3
pettigrove,5
pettingill,31
pettman-south,1
pfeffer,4
pfiefer,1
phakafy,1
phanphengdy,2
phendytsang,1
phetla,2
philcox,13
philipp,2
philippa,6
phillbrook,1
phillpott,3
philps,23
phinn,1
phomson,1
phoutjanti,1
piacquadio,4
pianto,1
piasecki-jaracz,1
piazza,8
piccoli,3
pichlmann,2
pichugin,3
pickel,2
pickwick,1
picot,8
pidcock,4
piechocki,2
pieffer,1
piegza,1
piening,7
pieris,1
pierlot,1
pieroni,1
pierri,2
pierro,1
piert,1
pieterek,1
pietka,1
pifeas,1
pighin,3
pignalosa,4
piip,2
pikulic,1
pikusa,5
pilan,1
pilarek,1
pilavci,1
piliczky,3
pilja,3
pilkinton,7
pimershofer,1
pinakas,1
pindell,1
pinding,1
pinheiro,4
piniros,1
pinkney,1
pinnuck,6
pinny,2
pinto,15
pintus,5
pinzon,3
piorkowski,1
pipan,1
pirnke,1
pirog,2
piromanski,1
piryak,2
pischettola,1
pisi,1
piskavec,1
piszcyk,2
pitchon,1
pitera,1
pitkethley,2
pitrans,2
pitsikas,4
pitsilidis,1
pitt-lancaster,1
pitters,1
pittock,4
pittorino,1
pitzen,1
pizanias,4
pizzey,3
pjevac,3
pladson,1
plaetrich,1
plane,43
planzano,1
platteel,1
players,1
plaznik,2
pleeker,1
plesa,5
plessnitzer,1
pleszkun,1
pleunik,1
plevin,5
plews,9
pleydell,1
ploegsma,1
ploesser,1
ploger,1
plos,3
ploughman,14
plovanic,5
plumb,31
plume,6
plumer,2
plumley,1
po chung,1
pobje,1
poc,1
pocaro,1
pochec,2
pocklington,1
poddar,2
podgorscak,1
podreka,1
pogacic,1
pohrib,1
pojsl,1
pokkias,1
polak,11
polato,2
polazer,1
poliakova,1
policarpio,1
polita,1
poljansek,1
polles,1
pollidorou,4
pollini,3
polmear,18
polo,1
polowy,2
polsts,1
pomfret,8
pomfrett,3
pondi,1
pongsupath,1
ponias,1
ponomarenko,1
ponsford,2
ponter,1
pontifex,27
pontt,20
pooke,2
poore,7
pop,3
popazzi,1
popelier,2
popovoc,1
poppleton,3
porecki,1
porizek,1
porotschnig,3
porra,2
porsius,1
porss,1
portellos,4
portlock,24
portors,7
porublev,2
positano,2
poskey,2
posloncec,1
posnakidis,2
postolovski,1
pota,2
potempa,1
potesky,1
potoczky,5
potticary,10
potuszynski,3
poulias,1
pouliotis,2
poumako,2
pounder,2
poupoulas,1
pour,1
povel,1
povey,32
powderly,4
powdith,1
powis,1
powlay,1
poyntz,1
pozdrik,1
pozium,1
pozniak,4
pracy,1
pradela,3
pradun,1
praehofer,1
praely,1
praetz,4
pragasam,1
pragt,4
prak,4
pramudyasmono,1
pran,1
prandolini,1
pratap,5
pratz,1
prawoto,1
predic,1
preedy,1
pregarz,2
prem,1
premici,1
preo,3
preseren,1
presley,8
prestia,4
prestipino,2
prestly,2
preston-stanley,3
presutti,4
pretreger,1
preyser,2
pribac,3
pribil,1
price-austin,3
price-beck,4
priddin,1
pride,22
prideaux,49
priebe,6
priesley,2
priest,160
primavera,3
primikyrlidis,1
primozich,1
princehorn,1
princic,1
pringle,46
pringle-jones,1
prmmer,1
probets,2
procter,47
profitlich,1
prohaska,1
proks,3
pronk,6
prosenica,1
prosser-cattanach,1
prostimo,3
prostin,1
provan,9
pruul,1
pryer,10
prytula,3
psaras,2
psiahos,1
psorakis,4
puc,1
pudovkin luba,1
puide,1
pujsza,1
puksts,1
pulat,1
pulford,86
pulford-clark,1
pulle,4
pulvirenti,5
pun,3
puolakka,2
purbell,1
purdey,11
purdon,65
purenins,1
purich,3
purkalitis,1
purma,1
purseglove,1
purser,18
purtell,20
purus,1
purvey,1
puskadija,1
puspawata,1
pusser,3
pustavrh,3
pusz,3
puszkar,2
putans,1
putrananda,1
putterill,5
puttick,1
puttmer,1
puttnam,2
puvan,1
pwa,1
pyle,19
pylypenko,2
pyper,16
pyrgos,2
qail,1
qua,1
quack,1
quagliarella,1
quan,17
quast,22
quatermass,1
querzoli,2
quill,28
quilliam,79
quilliam-condello,1
quilty,15
quinsey,4
quinteros,1
quinton,22
quinzi,9
quoc,3
quodling,4
rabbitt,13
rabe,20
raber,1
rabie,1
rabski,1
raccanello,4
rachid,6
rachwal,13
rackemann,1
rackwell,1
radespiel,1
radfed,1
radic,10
radinger,3
radinovic,1
radjenovich,1
radmuller,1
radovic,5
radulescu,4
radwell,1
raethel,12
rafanelli,17
raffety,2
rafii,2
raftis,1
raftopoulos,5
raftovich,1
rahikainen,1
raik,1
raizis,1
rajapapirana,1
rajendra,3
rajkowski,3
rajopadhyaya,1
rake,21
rakesh,1
ralf,1
ralston-bryce,1
ramachandra,3
ramamoordhy,1
ramasundara,1
ramavani,1
rambow,1
ramey,1
ramfos,1
ramiro,2
ramly,1
ramona,1
ramush,1
rana,12
randall-smith,1
raner,2
ranjan,2
rankin-hooper,1
rankine,98
rannie,1
ranson,71
rapisarda,7
rapko,3
rapson,12
rashley,2
rasic,7
rasman,1
rastar,1
rasti,1
ratledge,1
ratneser,1
ratsourinh,1
rattaey,1
rattur,2
ratycz,1
rau,35
rauch,4
rauseo,6
ravek,1
ravenwood,2
ravlich,2
ravnoy,2
raward,5
rawle,2
rawlings,161
raylene,1
raymundo,1
rayski,1
rayton,1
razborsek,3
razon,2
reaburn,5
readshow,2
realubit,1
rebmann,1
reckmann,1
recknell,1
record,8
red,1
reddacliff,1
redington,4
redmond,30
reduch,2
redzepagic,1
reece,65
reed-gilbert,1
reeh,4
rees,280
rees-curwen,1
reetz,1
regal,1
regalado,1
regej,1
rehlaender,2
rehr,1
reibel,5
reichardt,3
reid,1203
reifferscheidt,2
reimer,7
reimers,17
reinbach,1
reinhard,5
reinmuth,14
reischl,1
reitler,2
rekkas,4
reller,1
rellos,1
relota,1
rembowski,1
remmington,1
rendel,1
render,2
rendulic,4
renfrey,71
reni,5
rentuza,1
res,8
reschke-hockley,1
resili,2
restell,3
reszitnyk,2
retledge,1
reuter,26
revi,3
revie,4
rexeis,3
rezaee,1
rezaeian,1
rezaie,1
rhyne,6
rial,2
riardon,1
ribeiro,7
ricard,1
richardon,2
richie,1
richmond,112
rickett,15
riddei,2
riddell,48
riddick,3
riddoch,13
rider,23
riding,19
riding-williams,1
ridley-gaze,1
riebke,8
riede,7
riehtering,1
rielly,8
rieman,2
ries,4
riesner,1
riezzo,1
rigby-meths,1
rigbye,1
rigley,9
riglin,1
rika,1
rilk,1
rilley,1
rimanic,3
rimsky-korsakov,2
ringe,1
ringi,1
ringland,7
rinne,2
rintel,1
rinymalpuy,1
rippingille,1
risa,1
risbley,1
ritz,2
ritzau,5
ritzberger,1
ritzkowski,1
riva,1
rivadera,1
rivas,3
rivaz,1
rivera,17
rivers,54
rizovslu,1
rizzo,11
rizzon,1
roan,2
roberti,2
roberts-duffy,1
roberts-yates,2
robeson,3
robison,7
roblom,1
robnik,5
robson,230
rocca,48
roccatti,3
rocha,6
roche,67
rocher,3
rochette,1
rockcliffe,1
rockmann,2
rodaro,2
roddick,2
rodney-hanson,1
rodopoulos,1
rodriguz,1
roebuck,19
roehrich,1
roelsma,1
roemisch,1
roepcke,4
roets,1
roex,2
roff,8
rogan,20
rogers-barnden,1
rohleder,2
rohrle,1
rohyaei,1
roker,1
rokobaro,1
rola-wojciechowski,1
rolan,2
roles,29
roling,9
rolins,2
rolke,2
rollands,1
rollas,2
roller,7
rolleston,3
rollins,60
rollitt,2
rologas,4
rom,1
roman,9
romanenko,1
romanski,1
romeyn,3
romkes,2
ronai,5
ronan,27
ronzano,2
rook,12
roosli,1
roppola,3
rosa,36
rosada,2
rosadoni,1
rosandic,1
rosano,1
rosato,4
rosborough,3
roschert,1
roseboom,1
rosecky,2
roselli,5
roseman,1
rosendale,16
ross-masters,1
rossato,3
rossler,7
rossomando,1
rossow,2
rota,2
rothe,62
rotman,8
rotsey,1
rotumah,4
roud,1
rouhliadeff,3
roundhill,4
rounds,1
rounis,1
rounsevull,1
roush,1
roussianos,1
roussounis,1
rovelli,2
rovira,3
rovis-hermann,1
rowan-kelly,1
rowle,2
roxburgh,12
roy-gapper,1
royans,12
royle,35
rozak,1
rozas,1
rozerio,1
rubaszewski,1
rubendra,1
rubner,1
rucci,2
rudd,98
rudgley,2
rudkiewicz,1
rudzki,2
ruffy,6
ruhfus,1
ruise,1
rulfs,2
rumbal,3
rumbalu,2
rummuckainen,1
rump,7
rumpe,1
rundle,149
rungis,1
runic,3
runis,1
runnegar,3
ruolle-ivanov,1
rupenovic,1
rupinskas,1
rupp,1
rusack,6
rushby,11
rushforth,5
ruskin,10
rusling,6
ruso,1
russin,3
rustam,3
rusu,1
rutkiewicz,5
rutkowska,2
rutte,5
ruutel,1
ruwette,1
ryan,1321
ryanbakken,1
rybak,7
rybarczyk,3
rybovic,1
ryker,1
rylands,10
rylie,2
rynhart,1
ryprych,1
rysdale,1
rzesnicki,1
rzeznik,2
saade,3
saar,4
sabben,1
sabbith,1
sabetzad,1
sabieray,1
sabila,1
sabotoc,1
saccardo,16
sacchetti,3
sach,11
sachsse,1
sadauskas,7
sadler-dadge,1
sadlewski,1
saengmany,1
saenz,2
safai,1
saffoury,1
safra,1
safrazian,3
sagadewa,1
sager,11
sagir,1
sagrestano,3
sagrillo,1
sagucio,1
sailing,1
sailsbury,1
saines,3
saj-rynes,1
sakatunoff,2
salapatis,1
salas,5
salcedo,8
salehi,1
sallay,1
salmi,1
salsbury,1
salt,53
salthouse,1
saltiel,1
saltiel-mosley,1
samakovlis,1
samara-wickrama,1
samarajeewa,2
samarelli,2
samarinoff,1
samarzia,3
sambanis,1
samcewicz,2
samedani,2
sami arun,1
samios,7
samplton,1
samprathi,1
samulewicz,1
samuniuk,2
sanakidis,1
sanby,1
sandallis,1
sandham,1
sandiford,3
sandifort,1
sandler,2
sandman,11
sandyford,1
sangfai,1
sanghera,1
sangi,1
sanmugam,1
sanny,1
santangelo,1
santelices,2
santi,13
sapa,2
sapage,1
saputar,1
sar,2
saragas,1
sarah,16
saran,1
sarantopoulos,2
sarantou,1
sarfati,1
sariago,6
saridakis,2
sarioglou,2
sarjeant,2
sarkissian,1
sarny,2
sarnyai,1
sarossy,5
sarrant,1
satay,1
sathis,1
satomi,1
satterley,22
satterthwaite,4
sau,3
saul,16
saumi,2
saunders'wise,1
saunders-sexton,1
sauzier,2
savary,1
savas,9
saveljevs,1
savidge,2
savino,1
savio,3
saviska,1
savutakis,1
sawbridgeworth,1
sawczak,3
sax,10
saxon-taylor,1
sayagha,1
saylor,2
sayzeff,1
sazaklidis,1
sbirakos,1
sbona,2
sbordone,1
scacchitti,2
scaglia,1
scalamera,1
scambler,3
scamoni,12
scanlain,1
scannell,16
scantlebury,3
scappatura,4
scarabotti,4
scarce,31
scargill,3
scarlat,1
scarles,1
scassa,2
scattini,7
scaturchio,4
scerri,24
schaber,4
schadow,2
schaedler,1
schaffarz,2
schaller,2
schamschurin,3
scharling,1
scharner,4
schatto,2
scheckenbach,3
scheel,3
scheepens,5
scheerlinck,2
scheffel,2
schekira,1
schelkis,2
schelz,1
schembri,34
scheper,1
schepers,1
scheppers,1
scherf,1
scheringer,2
schiansky,11
schiemer,2
schillier,1
schimleck,2
schindelhauer,1
schipani,2
schjolden,1
schleider,1
schleigh,1
schlezak,2
schmalscheidt,2
schmeling,1
schmelter,1
schmick,1
schmitzer,7
schmocker,3
schmook,1
schnackenberg,1
schnider,1
schnieder,2
schnitzerling,1
schoder,7
schoebinger,3
schoenberg,6
schoettke,3
scholberg,1
scholte,2
schoonwater,1
schopman,1
schoppe,3
schorr,2
schorta,1
schottminn,1
schrepel,1
schriber,1
schuddebeurs,1
schuermann,1
schuetz,7
schuh,2
schultheis,2
schumann,52
schupann,1
schuptar,3
schuster,68
schwaz,1
schwetlik,3
schwidder,5
schwinghammer,5
scime,1
scollard,7
scopel,1
scott-jackson,4
scotton,1
scougall,10
scowcroft,1
scrbak,2
scrimgeour,9
scripps,3
scriva,3
scrivanich de ivanov,1
scrivenor,1
scudds,11
sczensny,1
se,1
seare,1
sebastyan,2
sebregts,2
secara,2
sechner,1
seckar,1
secomb,41
secondis,1
seddon,52
sedecki,2
sedelbauer,1
sederstrom,2
sedgley,7
sedgwick,9
sedoriw,1
sedunary,25
seehusen,1
seelt,1
seen,37
seetoh,2
seevaratnam,1
seevers,2
seewraj,1
segar,2
segneri,4
sehneider,1
sehwarze,1
seib,9
seibold,1
seigneur,2
seis,1
seiver,1
sek-sekalski,2
sekaran,2
sekavs,2
sekhon,3
sekuless,3
sekulitch,4
selamis,1
seleke,2
selkirk,6
sellmann,4
sells,7
selth,18
selvaraj,1
selvarajan,1
sembrano,2
sena,1
senaka'arachi,1
senarth,1
senator,1
sendoner,1
senech,1
seneque,1
senese,1
senesi,12
seng,6
sengpiel,2
senic,2
sennar,3
sennef,1
senner,2
senti,4
seo,3
sepiol,1
sepp,2
seppelt,21
seppelt-deakin,1
serafin,18
seraglia,1
serem,1
sergio,1
serrels,2
sertvytis,1
seselja,13
seskis,3
sessle,1
sethna,1
setlhong,1
seto,9
setright,1
sette,10
settembri,1
sevel,1
severan,1
sevi,4
sevtsenko,1
sewart,4
seychell,9
seyfarth,1
seymor,1
seymour-griffin,1
seymour-walsh,1
sezun,1
sferco,4
sgroi,2
shack,2
shadbolt,51
shady,4
shaft,1
shahidimehr,2
shahnza,1
shailer,3
shair,1
shambrook,5
shandley,4
shanis,1
shank,2
shapiro,2
sharkie,1
sharon,5
sharpless,1
shawforth,1
sheaffer,1
sheehan-harradine,1
sheeky,3
sheens,1
shehzat,1
sheldon,46
shelley,52
shellshear,1
shelly,8
shelvock,3
shem,1
shendi,1
shenman,1
shepherd,426
shepherdson,58
sheremetjev,3
shereston,2
sherin,3
sheringham,1
sherren,2
sherriff,167
sherrington,10
shevchenko,9
shevtzoff,1
shew,1
shih,5
shillinton,1
shilova,1
shimpf,1
shinerock,1
shinnick,15
shipperd,1
shirin,1
shirmer,1
shirodkar,2
shiun,1
shivarev,1
shivas,4
shneider,1
shoben,2
shoebridge,7
shoeman,1
shopen,1
shorrock,15
shortman,3
shorts,1
shoubridge,3
shove,1
shrowder,5
shuk,1
shurville,2
shutlar,2
shying,2
siaban-oglou,1
siaosi,1
siapantos,1
siatis,1
sibbald,2
sibbritt,2
sickles,3
siddans,2
sideris,10
sidlauskas,1
sidlo,2
sidman,2
sidney,6
sieber,8
siek,2
siemens,4
siemers,6
siemon,3
sierakowski,1
sietz,1
siew,5
sifkus,2
sigamoney,1
siganto,5
siggins,30
signorelli,3
sijacic,1
sikansari,1
silcocks,1
silland,1
siller,1
silo,2
silson,4
silverton,2
silvestrino,3
silvestro,4
sim-collett,1
sima,3
simac,1
simitsis,2
simlat,2
simmonds,127
simonetti,10
simonn,1
simonuik,1
sincovich,3
sindicic,2
sindorff,3
singhakian,1
singleton,83
sinicins,2
sinikovic,2
sinnappurajar,1
sinoch,2
sinock,1
sinton,7
sioson,1
sipa,2
sirbu,1
sires,17
sirilan,1
siripong,1
siroky,1
siropoulous,1
sirotic,1
sitarenos,4
sitepa,2
sitko,1
sivapatham,2
siviour,90
siwak,2
skaife,1
skailes,1
skandamis,1
skarbek,1
skarmoupsos,1
skeen,15
skell,1
skellern,1
skellington,1
skirca,4
skirton,1
skitch,1
skladzien,2
skliwa,4
skountzos,2
skrjanc,1
skrpan,1
skubig,1
skujin,1
skurr,2
skvaril,5
skyes,1
skyrme,1
slabbert,1
slack-smith,7
slaghuis,1
slaney,2
slape,53
slatcher,1
slave,1
slavic,1
slavica,1
slavvjevic,1
slawinski,3
sleath,13
sleightholme,3
sleiters,1
slicer,3
sliuzas,1
sliwakowski,1
sloniec,4
slorach,2
sluga,2
slunjski,1
slywka,1
smagala,1
smair,1
smajic,1
smallacombe,67
smans,1
smeaton,22
smedes,1
smeenge,1
smith-roberts,3
smith-smidmore,1
smithe,1
smithen,2
smithson,31
smitti,3
smolka,3
smolski,4
snajdar,6
snale,1
sneata,1
sneesby,6
snell,97
snelling,35
snoad,13
snordawski,1
snowball-smith,1
snowling,1
snuggs,2
snushall,3
so,9
soames,1
soave,3
sobczak,9
soden,26
soeia,1
soelkner,1
soeroes,2
soetantri,1
soewandijono,1
soh,1
sohkanen,2
sok,9
sokic,1
sokolov,2
solc,1
soldic,1
solente,2
solis,2
solito,3
solman,1
soloijic,1
solonimkl,1
solonsch,2
solorzano,1
solty,1
soltys,4
soman,3
somim,1
somina,1
sommariva,12
somozo,2
son,12
sondergeld,1
sones,2
sonhom,1
soni,3
sonnack,4
sonner,1
sonsie,3
soonthornnawaphap,1
soovoroff,1
sopharat,1
sorieno,1
sorn,1
soroosh,1
sorsa,1
soso,2
sothman,1
sotnik,2
sotomayor,1
sotutu,1
souden,1
souksavat,2
soule,6
soulemezis,4
soulsby,11
soultan,1
sounness,1
southgate,19
southwood,15
soward,6
spaander,1
spaans,7
spada,2
spagnoletti,23
spagnolo,3
spahic,2
spajic,2
spakianos,2
spakman,2
spall,10
spalvins,4
spaninks,3
spanton,6
spargo,27
spark,35
sparta,1
spate,4
spawton,1
spearing,1
spears,34
speeles,1
speight,30
spendley,1
sperber,2
sperrin,2
speville,1
spicer,96
spillings,1
spinato,4
spinetti,1
spiota,1
spong,22
sponza,2
sporn,19
sporton,4
spourdos,2
spradau,1
spratt,44
sprenglewski,1
springthorpe,3
sprogis,2
sproles,1
spromk,1
sproul,1
spurden,1
spurgeon,5
spuzic,2
spyridis,1
spyropoulos,14
squelch,1
srapisan,1
srdic,1
srdinsek,1
sreckovic,3
sreenatha,1
sribar,3
sritharan,1
sroczek,2
srour,4
st clair-dixon,1
st vincent,3
stacca,1
stadlmaier,1
stadthagen,1
stadtmiller,1
stafford-lee,1
staggard,8
stagoll,10
staig-hamdorf,1
staight,2
stainton,3
stallion,3
stamatas,1
stamboulakis,1
stamoulos,2
stampke,3
stanaway,3
stanbury,32
stancliffe,5
stancombe,9
stanek,6
stanesby,2
stanfield,39
stangoulis,2
stanislaus-large,1
stanley,299
stanly,1
stannar,1
stanojcic,1
stanton-gillie,1
stanwick,2
stapenall,1
stapenell,5
stapinski,1
stapley,6
staporski,5
starega,2
state,1
statham,16
staton,2
statton,27
staude,41
staufenbiel,1
staugas,1
stauner,1
staunton-smith,4
stawicki,1
steane,11
stear,3
stearnes,16
steart,5
stech,2
steed,51
steele scott,3
steeles,3
steers,37
stefan,3
stefanicki,2
stefanidi,1
stefanocic,1
stefanovska,2
stegemann,8
steinbacher,2
steinert,49
steinmetz,2
stellini,2
steltenpool,1
stemper,2
stencel,3
stene,1
stening,6
stenn,1
stephanos,4
stephenson,299
stephopolous,1
stepic,4
stepinski,1
sterio,1
sternbeck,1
sternek,2
sternizsa,1
sterpin,3
sterry,13
stevanja,3
stevedore,1
steviens,1
stewart-jones,7
stewen,1
steyger,3
stigant,2
stigis,1
stinchcombe,1
stine,1
stingle,17
stintin,1
stirland-mitchell,1
stirpe,4
stitz,5
stivers,1
stobo-wilson,1
stockall,4
stockes,1
stodart,12
stoeckeler,1
stoffels,2
stogneff,4
stojak,1
stojic,2
stojsic,2
stoker,19
stokker,5
stoksik,1
stolfa,2
stolhand,1
stolica,1
stolz,16
stolze,2
stone murray,1
stonehaus,1
stoneman,20
storken,3
storozjenko,1
stosh,2
stowpiuk,1
straczek,1
strainij,1
stranger,18
strangway,2
straub,1
strazzari,2
streckfuss,1
strehovski,2
streich,3
strenge,3
strie,3
strimpel,1
strmota,2
stroeh,5
stronach,24
strubbe,1
struck,12
strudwick-brown,1
strungs,2
struzik,1
stubbin,2
stubbs,170
stuber,3
studer,2
studman,1
stuetz,3
stumann,3
stumbles,1
stuyanaki,1
stylianopoulos,4
suang,1
subacius,3
subaj,1
suban,3
subramaniam,9
suchar,1
suckow,1
sudaj,2
sudding,1
sueppel,2
suffolk,9
suhan,1
suine,2
sukh,3
sukjit,1
sukovski,1
sukwatthananan,1
sulan-schueler,1
suleiman,1
sulich,2
sulikowski,2
sulman,4
summerrell,1
summers-pullin,2
sumption,1
sumsion,12
sundaralingam,1
sunderland,26
sunderman,1
sundo,1
supomo,2
suppinger,1
suraci,1
surch,1
surikow,1
suringa,2
surrich,1
surulo,1
susana,1
sushames,24
suskin,3
suslin,1
susta,1
suth,2
sutpiah,1
suttell,2
suttle,3
suvailo,1
suvorova,1
suyen,1
suzor,4
svane,1
sveli,1
svenson,6
svetec,4
svihla,1
svircevic,1
svitlica,1
swaalf,1
swarner,1
swayne,12
swetnam,4
swierc,3
swiggs,23
swindlehurst,1
swinney,1
switalski,7
swney,1
swoboda,5
sworzeniowski,1
swynczuk,1
sydenham,7
syder,1
sydorenko,2
sydorowich,1
sykiotis,2
symmons,22
symth,2
synnet,1
synusas,1
synwoldt,1
syren,1
syrokos,1
sytsma,5
szablinski,1
szach,3
szalai,7
szauer,2
szczecinski,5
szecko,1
szekernyes,1
szepessy,7
szeszycki,2
szilassy,1
szklarz,1
szkolik,3
szlezak,3
szmeja,1
sznajder,1
szocinski,1
szomorkay,1
szopko,1
szpakowska,1
szprega,2
sztolc,2
szumny,1
szumski,1
szupan,1
szwajcer,1
szymanaski,1
szymczak,5
szynkar,3
szysz,2
szyszlak,1
taborsky,1
tabrett,2
tadege,1
tadier,1
tae-hyun,1
taglietti,2
tailor,2
tainton,2
taira,1
tajgi,1
takafumi,1
takami,1
takasuka,1
takats,5
takeshi,1
taladira,1
talapaneni,1
talavanic,1
talay,1
talberg,4
talevich,1
talladira,13
tallarida,7
talmet,2
tamasauskas,1
tamassy,5
tammita,2
tammo,1
tammpuu,1
tamura,2
tan kiang,1
tanase,1
tangallpalla,1
tangorra,2
taniora,2
tanks,2
tant,2
tants,2
tantschev,3
tao,8
tapper,11
tara,1
taranthoiene,1
taratt,1
tarczylo,1
tardrew,6
tarleton,1
tarn,4
tarooki,1
tarquinio,2
tarrillo villalobos,1
tarsissi,1
tarter,1
tasevski,3
taskovic,1
taslidza,1
tassis,3
tatam,1
tatarovic,1
tatlock,1
tatpo,1
tatto,2
taube,4
taubers,4
taubert,6
taubman,2
tauj,1
taute,3
tavis,2
tavoulari,1
taxi,1
taylor-cannon,1
taylor-gordon,1
tchepak,1
tchung,1
te kawau,1
te namu,1
teague,81
teal,5
teates,1
teav,3
tebb,6
tebbutt,11
tebby,2
teear,1
teeboon,1
teh,5
teleki,1
telese,2
telleglou,1
teller,1
tellis,7
ten brummelaar,2
ten hove,1
ten-tije,1
tenant,2
tenbensel,4
tencic,1
tengdahl,2
tenholder,4
tennent,13
tenney,4
tennyson,2
tenshek,2
tepohe,2
terek,3
terend,2
terrens,2
terrey,2
tertipis,3
terwey,2
teteris,4
teti,3
tetija,1
tetrovic,1
tettmar,2
tetzsch,1
teuma,2
teunissen,6
thaba,1
thackeray,3
thaker,2
thalmann-mckay,1
thamotharalingam,1
thamrongvoratorn,1
thandi,5
thanissorn,3
thavarajadeva,1
thaxton,1
theissen,2
theng,1
theodorakakis,1
theodore,14
theodorsen,1
theofanous,3
theoharidou,1
theologa,3
theologidis,2
thibodeau,3
thick,3
thier,1
thiessen,26
thind,1
thirgood,4
thiry,4
thistlethwaite,2
thiveos,1
tholen,1
thollar,2
thomsom,1
thonan,1
thoonen,1
thornquest,2
thorold,4
thorpe,323
thost,1
thredgold,56
thrift,9
thrussell,6
thulasidharan,1
thurlow,42
thwaite,8
thygesen,2
tiah,1
tiboldo,3
tibury,1
tichelaar,1
ticknell,1
tidenann,1
tidey,15
tieck,1
tiede,2
tiedemann,6
tiefenbach,1
tien,6
tientjes,1
tieppo,4
tiesler,1
tiestel,1
tiffin,19
tiggeman,7
tilakaratne,2
tilker,7
tiller,128
tilliard,2
tiltman,2
tim,5
timbrell,5
timmermans,5
timmiss,4
timoshanko,1
timperon,12
timpson,2
tims,11
tina,1
tinari,1
tinfina,2
ting,29
tinggee,1
tinsley,11
tinson,5
tinus,1
tip,1
tippel,1
tippins,43
tiptaft,1
tipunewuti,1
tirilis,1
tirimona,1
titmarsh,3
tittoto,5
tiu,1
tkachuk,3
tlauka,1
tlenys,1
todhill,1
toeta,1
toews,1
tognella,3
tognolini,1
tokar,1
tokareu,1
toker,3
toleman,3
tolfts,6
tollner,9
tolovae,1
tomadini,1
tomasevic,2
tombleson,3
tomich,5
toming,1
tomkin,5
tomli,1
tomney,41
tompai,2
tompkin,1
tompsitt,1
toms,40
tones,1
toneva,1
tonge,11
tongyode,1
tonta,2
toohill,3
tootell,15
toothill,2
toplass,1
toporowski,1
toralis,1
torni,1
torop,1
torquati,4
torster,1
torzillo,3
toscano,6
tose,2
toseland,14
toso,6
tossani,1
tossell,10
tostervin,1
totagi,2
totonidis,3
tourlis,2
tourmaline,1
tow,6
towey,4
townsend-evans,1
townsly,1
towstyi,2
toyama,1
trace,3
trad,1
traforti,5
trainor,24
trait,3
tram,4
tramaglino,2
trampenau,1
trankle,2
tranthem,5
traplin,1
trapnell,5
trappitt,1
trathen,3
trauntvein,1
travar,4
travini,1
treager,2
tregloan,15
tregoning,20
treherne,2
treilibs,2
trelbby,2
tremellen,14
trenchard,1
trenchuk,3
trenerry,31
trenery,4
trenow,1
trent,7
trenter,1
trepka,2
treplin,3
tressider,2
treumer,2
treutler,1
trevan,6
trevarrow,3
trever,1
trevorrow,15
tri,2
triandafyllidis,2
triantafyllakis,1
triat,1
tribbeck,5
tridgell,3
trigwell,2
trimbell,4
trimble,18
trimbole,1
trimmer,13
tring,1
tripley,1
trivett,5
trivic,2
trninic,1
troisi,2
tromp,10
tronc,1
trondl,1
tronina,2
trooper,1
troubridge,1
trowse,19
troxell,1
trpkovski,1
trubee,5
trubik,1
trukhanov,1
truman,32
trumbull-ward,1
trunks,2
trusiewicz,2
truslove,6
tryfonos,1
trzcinski,5
tsakiridis,5
tsakmakis,1
tsamandanis,1
tsamtsikas,1
tsang,11
tsaousi,1
tsavtaridis,1
tsaxirlis,1
tschernykow,1
tschirn,6
tschirpig,21
tsegas,2
tselepis,1
tsermentselis,1
tsialafos,2
tsiamas,2
tsikmis,1
tsimpinos,1
tsinivits,1
tsiokantis,1
tsiopilas,1
tsiounis,1
tsipenyuk,1
tsokas,1
tsolakakis,1
tsolakis,2
tsonis,6
tsoubarakis,3
tsouris,7
tsoutas,3
tsujimoto,1
tsumchai,1
tsun,2
tu,33
tuckwell,48
tuendemann,5
tuft,3
tuikaba,1
tuit,15
tuk,2
tuke,1
tulla,5
tulysewski,1
tunevitsch,1
tunner,1
tunstall,10
tupai,1
tuppini,1
turakulov,1
turale,12
turbitt,4
turco,5
turel,1
turelli,2
turkalj,1
turkentine,4
turnagic,1
turnball,3
turnor,3
turtur,14
tusel,1
tuting,6
tuttleby,2
tuza,2
twang,1
tweedie,18
tweedle,1
twelves,1
twemlow,1
twigg-patterson,2
twigger,4
twin,2
twizell,1
tyack,5
tyczenko,2
tyerman,9
tylkowski,3
tymczyszyn,1
tyminski,2
tyndale-biscoe,1
tyner,8
tzannes,2
tzeegankoss,1
tziolis,1
tzousmas,1
ubelhor,1
udina,2
udovcic,3
udovicic,4
ueberall,1
uffelmann,4
uhlik,1
uhr,4
ukleja,3
ukota,2
ulanowicz,1
ulbrich,5
uldum,2
ulrick,7
umbrasas,1
unetta,2
ung hang,1
uniya,1
unver,1
unyland,1
urenda,1
urh,3
urmonas,3
uroaevic,1
uroda,2
urosevic,5
urqhart,1
urquhart-fisher,1
urvet,4
usikovia,1
usmiani,2
uszynski,3
uteza,1
uthenwoldt,1
utten,2
utterson,1
uu,1
uyttenhove,2
uzubalis,1
vaccaro,13
vacchiani,2
vagner,1
vah,1
vahldick,1
vaile,2
vainui,1
vaisey,3
vakos,1
vaks,1
vakulin,1
valadares,4
valaris,1
valasakis,1
valdivia,3
valena,2
valentijn,1
valentini,6
valeriano,1
valesic,2
valetti,1
valiyff,4
valkenburg,1
valles,1
vallesi,1
valmorbida,1
valters,1
van aardt,1
van abkoude,1
van acker,3
van akker,1
van balen,8
van beeck,1
van beek,5
van ben hoogen,1
van ben wildenderg,1
van benpen,1
van boekel,4
van broekhoven,2
van caspel,4
van commenee,1
van de graaff,1
van de kamp,9
van de maele,2
van de rhee,1
van de steeg,2
van de water,9
van den acker,1
van den biggelaar,1
van den boogaard,1
van den elzen,1
van den hoogen,7
van den huvel,1
van der berg,1
van der biezen,4
van der brink,1
van der eyk,1
van der hoek,16
van der klaauw,2
van der kloes,1
van der klugt,2
van der kolk,7
van der kraan,3
van der linde,2
van der steege,1
van der vlies,2
van der vliet,2
van dereerden,1
van dok,5
van doren,2
van engelenhoven,2
van eysden,1
van galen,11
van geel,3
van gent,1
van grinsven,1
van groesen,4
van hees,14
van heythuysen,5
van hoof,6
van huynh,1
van kalker,2
van kerkwyk,1
van kessel,4
van keulen,7
van konkelenberg,1
van langenberg,1
van lien,1
van limbeek,4
van lingen,1
van maamen,1
van maurik,1
van meer,1
van neutegem,3
van niel,1
van oostrum,3
van poeteren,1
van putten,2
van reesch,3
van reesema,1
van reeuwyk,1
van rensburg,2
van roden,1
van rossen,4
van schie,6
van someren graver,1
van tholen,2
van tuil,2
van waardhuizen,1
van wensveen,1
van wijk,4
van zalen,1
van zanden,1
van't hof,3
van't hoff,1
vanagas,2
vanbelkom,1
vanbrecht,1
vande weyer,1
vandekamp,4
vandelaar,4
vandelay,1
vandenbosch,2
vandenbroucke,1
vandenburg,1
vander neut,2
vanderlink,1
vandermolen,1
vandersman,3
vanderwesten,2
vanderzwan,2
vandevelde,1
vandonderen,2
vandoorn,1
vandulkan,1
vaneldik,1
vanern,1
vangelov,1
vangils,2
vangorp,1
vanhaasteren,1
vanhees,1
vanic,1
vaninetti,5
vanlaatum,2
vanmeerendonk,1
vannarath,1
vannetiello,1
vanniasingham,1
vanree,2
vanrijthoven,1
vanschieveen,2
vansetten,1
vansyl,1
vantatenhove,2
vanzanten,1
varano,5
varcoe,52
varey,2
varma,3
vasilakis,2
vasile,2
vasilevskis,1
vasiliev,2
vasilj,1
vasios,1
vaso,1
vass mcmaster,1
vassal,1
vassarotti,4
vassiliotis,1
vaszocz,4
vatavuk,4
vatchenko,2
vatcky,1
vatskalis,1
vaudrey,1
vaughan-williams,4
vaughen,1
vavic,4
vaziri,1
vazquez,2
vearing,15
vedigs,1
veerhuis,5
vegvoda,1
vehlow,1
veis,1
veit,4
velaitis,1
veld,3
velebit,1
veleski,2
velkovska,1
vellenoweth,1
velnaar,1
velzeboer,1
venable,3
vendel,1
venes,1
vennus,1
verco,74
verdicchio,2
verdins,1
vereb,1
veremchuk,1
verhelst,1
verho,1
verilli,1
verkouter,1
vermeesch,1
verner,21
vernik,3
vernis,2
verrion,3
verschoor,7
versluys,2
versteeg,18
versteegen,5
vesco,1
veshner,1
veszpeller,2
veteri,1
vett,3
vettese,2
viale,1
viart,1
vichie,2
vick,17
vickary,1
vidakovic,5
vidlov,1
viec,1
vieraitis,2
vietmeyer,1
viezzi,4
viffer,1
vig,3
vigenser,1
vigliotti,1
vigneswaran,2
vignoni-squire,1
viira,1
vijiaraj,2
vikor,4
viksna,2
villafuerte,3
villapini,1
villavelez,1
villeseche,1
villiers,6
vilums,1
vimpany,10
vinaev,5
vincenc,1
vincent,298
vinten,1
virag,11
virant,1
virgen,3
virleux,1
viro,1
visirmidis,1
vitarana,1
vitasz,1
vitkunas,4
vitti,1
vixon,1
vizer,3
vlach,1
vlahodimos,1
vlamos,1
vlasich,2
vlassopoulos,4
vlavogelakas,1
vlismas,1
vlitsis,1
voarino,1
vodden,2
vodic,4
voevodov,1
vogelpoel,3
vogiatzi,1
voglino,3
voivodich,5
vojvodic,1
volframs,3
volkmar,1
vollbrecht,1
volle,1
volpato,6
von blunendals,1
von hoist,1
von holst,1
von krusenstierna,1
von wasserling,1
vonbibra,3
voorendt,2
vorakoumame,1
voroniansky,3
vorrasi,19
vorstenbosch,3
voskulen,3
vosper,3
vostatek,2
voulgarakis,3
voulgaridis,1
vounasis,2
vown,1
voy,4
vrettis,4
vreugdemburg,1
vreugdenburg,8
vreugdenhil,3
vrlic,3
vroegop,2
vrolyks,1
vujicic,1
vukelic,2
vultiani,1
vurneski,1
vurovecz,1
vyden,2
waal,2
wable,1
wache,2
wachla,4
wackrow,1
wagenknetht,1
wagley,1
wagnitz,12
wah,3
wahlstedt,9
waianga,1
wairoa,1
wajcman,1
wakerell,3
walch,24
waldhauser,3
waldhein,1
walhane,1
walkenhorst,1
walkey,2
walkington,21
walkley,71
walla,2
wallace-carter,1
wallbridge-yost,1
wallent,9
waller,163
walley,10
wallin,6
walls,41
wallworth,1
walpole,23
walraven,3
waltke,4
waltrowicz,2
wanago,1
wanambi,8
wanatjura,1
wandell,4
wanders,10
wane,1
wang,115
wangel,3
wangka,1
wapper,13
wapshot,1
warboys,2
warbroek,5
ward-lohmeyer,1
warde,8
wardle,84
warendorf,3
warjo,1
warmingham,1
warneke,23
warnett,7
warnock,42
warrior,15
warsap,1
warth,2
warusevitane,3
warzoniski,1
washbrook,1
wasley,44
wasser,5
wasserfall,1
wassmann,1
wassom,1
wasson,7
wastell,24
wasteneys,1
watanabe,2
watanaverapong,1
waterfall,1
waterlander,1
waterlow,2
waterston,2
watkin,12
watkinf,1
watkins-lyall,2
watmough,3
watts-endresz,1
wauchop,3
wauhop,1
wawrzycki,1
wayehill,1
waygood,1
wazlawek,2
wearden,1
weare,6
weate,5
weatherhill,1
weavell,7
weaver,152
webb,1047
webester,1
weckenmann,1
wedmaier,2
weedar,1
weelius,2
weerakkody,3
weetra,25
wegemer,1
wegman,14
wehner,3
wehr,36
wehrmuller,1
weidenbach,15
weidenhofer,27
weidenhoffer,2
weiller,2
wein-smith,1
weir-modem,1
weiser,2
welks,1
wellburn,1
weller,95
weltman,6
weluk,1
weniton,5
wenitong,1
wenmam,1
went,17
werk,1
werneburg,2
werrey,4
werts,2
wesener,1
wesley-smith,6
wesney,3
wessel,4
wessthorp,1
westacott,4
westbrook,70
westenraad,1
westerbeek,3
westergaard,3
westerholm,4
westermann,3
westfield,1
westhorp,3
westlry,1
westte,2
wetherington,1
wettels,1
wetzel,2
wevill,4
wewzow,1
wex,3
weymar,2
whaipe,1
whait,9
whale,11
whallin,4
whamond,4
wharmby,4
whatford,1
whatling,7
whatman,13
whatmore,1
whatt,1
wheatley,130
wheldale,2
whetham,3
whetstone,14
whetton,4
whillas,34
whinfield,3
whishaw,3
whisson,16
whitbourne,2
whitbrerd,1
white,2399
whiteley,84
whiteread,2
whiterod,1
whitesman,3
whiteway,17
whithear,3
whitsitt,5
whitters,14
whittlesis,1
whorlow,1
whymark,1
wiaczek,1
wickel,3
wickramanayake,1
wickramasinghe,1
widdowson,38
widdup,3
widera,2
widerkehr,1
wiechec,5
wieffering,1
wiegold,4
wieloch,3
wiemann,4
wiemers,3
wierda,5
wiggan,1
wijedasa,1
wijeratne,3
wijesurendre,1
wijesuriya,1
wilcockson,3
wilczek,14
wilde,79
wiley-smith,1
wilfredo,1
wilgar,1
wilhelmsson,2
wilkey,49
wilkie-snow,1
wilkins,255
wilkonson,1
willanski,2
willding,2
willering,5
willes,12
williamson-cameron,3
willing,55
willmot,14
willmoth,3
willoughby-smith,1
willowhite,2
willsford,2
wilshire,4
wilson-haffenden,3
wilson-wheeler,2
wilzen,1
wimbush,4
wimmer,14
wimmler,1
wimpenny,3
win,2
winckle,1
windmill,2
windross,3
windus,1
windy,1
winem,1
winfield,34
wingate,12
winger,2
winiarz,1
winnall,10
winnel,1
winnett,6
winny,1
winsome,1
winterlich,1
winterton,5
wintrop,1
wintulich,7
winwood-smith,2
wirsu,3
wirthersohn,1
wisby,27
wiseman,139
wisowaty,2
wisterand,1
wiszniak,1
witehira,1
witherington,5
withinshaw,1
withrington,2
witkin,5
wittchen,4
wittern,2
witthoeft,4
wittrock,1
witty,20
woffenden,1
wogandt,2
wohltmann,3
wojciak,2
wojciechowski,11
wojtal,1
wojtyna,2
wolfenden,13
wolffs,1
wolms,1
woloczij,1
wolss,1
womack,3
wonderley,1
wood-bradley,2
woodbury,19
woodford-smith,1
woodlock,7
woodmansee,2
woods-trezise,1
woodstock,3
woofe,2
wooldridge-curtis,1
wooley,33
woolger,3
woollaston,3
woolrich,1
worgan,5
worm,4
worony,2
worre,1
worsey,1
worsley,49
worthington-eyre,6
wortlehock,2
wortmeyer,5
wottke,1
wotton,37
woulman,1
wraight,14
wreford,17
wressell,2
wrighte,1
writer,6
wrobiewski,1
wrzosek,1
wsolak,1
wuchatsch,1
wucherpfenning,1
wujda,3
wur,1
wurlod,2
wurm,13
wurmburdang,1
wurranwilya,1
wydra,1
wyeth,5
wykmans,2
wylder,1
wyllie,62
wynne,54
wyskamp,2
wytkin,10
xepapas,4
xerri,3
xiaodong,1
xie,6
xiong,11
xoing,1
yacoub,2
yakubu,1
yallop,6
yalumul,1
yanagawa,1
yani,1
yannakoudis,1
yannelis,2
yannopoulos,3
yanny,3
yappa,1
yaroslavseff,2
yaser,2
yassine,1
yasuta,1
yatarrnta,1
yeap,2
yeatmin,1
yee,18
yelds,3
yellup,1
yen,16
yenni,1
yeoman,19
yerrell,3
yialas,3
yiannoulis,3
ylor,1
yoder,1
yogarajan,1
yoon,9
yoshimura,1
yost,27
yotong,1
youay,1
youde,2
youngs,7
yrdaw,1
yu,34
yun,4
yunupingu,6
yusoph,2
yvanovich,4
zabel,2
zabiegala,1
zablocki,1
zaborowski,1
zacharioglou,1
zaffina,1
zaffino,1
zafiropoulos,4
zagal,1
zaganjori,1
zagar,8
zagorski,1
zaharogiannis,3
zaikos,1
zaimis,1
zajaczkowski,3
zajkovic,1
zakharchenko,1
zalan,1
zalotockyj,1
zaltron,13
zaluski,9
zamaro,1
zandstra,1
zanelli,2
zanesco,2
zaneti,2
zangl,2
zani,3
zank,1
zapotocky,2
zappulla,2
zarei bashnian,1
zaremba,2
zarevac,3
zaric,2
zarka,1
zarkovic,5
zarney,1
zaroufis,1
zarrinkalam,2
zatorski,5
zawadzki,4
zawistowski,1
zazula,1
zbierski,27
zbucki,1
zdanowicz,4
zdebelak,1
zdziarski,1
zealley,4
zecchini,6
zeck,2
zehetner,1
zeicnan,1
zeitzen-van der burg,1
zejfert,2
zejnic,2
zelesco,3
zelisko,2
zell,1
zellmer,2
zemanovic,1
zemlicka,1
zendili,1
zenkteller,1
zepina,2
zerjal-mellor,2
zessack,1
zhang-hu,1
zhe,2
zheng,19
zia,1
ziaian,1
zibar,6
ziedas,2
zielinsaki,1
zierholz,3
ziersch,50
zilifian,1
zilm,66
zimic,1
zimmermann,86
zimon,2
zingarelli,1
ziomek,2
zirkzee,1
ziswiler,1
zivkov,3
zlatkovic,2
zlotkowski,1
zoanetti,18
zobonos,1
zoch,1
zogopoulos,6
zokalj,3
zolotariova,1
zolotic,1
zolyniak,5
zomer,3
zong,1
zoontjens,7
zordan,5
zorin,2
zosnes,1
zou,1
zoughi,1
zubreckyj,3
zubrinick,1
zubrzycki,2
zulkefli,1
zur,1
zuraszek,1
zurawell,1
zutaut,1
zwald,1
zwanns,1
zweifel,1
zwick,2
zwillenberg,1
zyczko,1
zyga,1
